vendor_name,Trip_Pickup_DateTime,Trip_Dropoff_DateTime,Passenger_Count,Trip_Distance,Start_Lon,Start_Lat,Rate_Code,store_and_forward,End_Lon,End_Lat,Payment_Type,Fare_Amt,surcharge,mta_tax,Tip_Amt,Tolls_Amt,Total_Amt
VTS,2009-01-04 02:52:00,2009-01-04 03:02:00,1,2.6299999999999999,-73.991956999999999,40.721567,,,-73.993803,40.695922000000003,CASH,8.9000000000000004,0.5,,0,0,9.4000000000000004
VTS,2009-01-04 03:31:00,2009-01-04 03:38:00,3,4.5499999999999998,-73.982101999999998,40.736289999999997,,,-73.955849999999998,40.768030000000003,Credit,12.1,0.5,,2,0,14.6
VTS,2009-01-03 15:43:00,2009-01-03 15:57:00,5,10.35,-74.002587000000005,40.739747999999999,,,-73.869983000000005,40.770225000000003,Credit,23.699999999999999,0,,4.7400000000000002,0,28.440000000000001
DDS,2009-01-01 20:52:58,2009-01-01 21:14:00,1,5,-73.974266999999998,40.790954999999997,,,-73.996557999999993,40.731848999999997,CREDIT,14.9,0.5,,3.0499999999999998,0,18.449999999999999
DDS,2009-01-24 16:18:23,2009-01-24 16:24:56,1,0.40000000000000002,-74.001580000000004,40.719382000000003,,,-74.008377999999993,40.720350000000003,CASH,3.7000000000000002,0,,0,0,3.7000000000000002
DDS,2009-01-16 22:35:59,2009-01-16 22:43:35,2,1.2,-73.989806000000002,40.735005999999998,,,-73.985021000000003,40.724494,CASH,6.0999999999999996,0.5,,0,0,6.5999999999999996
DDS,2009-01-21 08:55:57,2009-01-21 09:05:42,1,0.40000000000000002,-73.984049999999996,40.743544,,,-73.980260000000001,40.748925999999997,CREDIT,5.7000000000000002,0,,1,0,6.7000000000000002
VTS,2009-01-04 04:31:00,2009-01-04 04:36:00,1,1.72,-73.992635000000007,40.748362,,,-73.995585000000005,40.728307000000001,CASH,6.0999999999999996,0.5,,0,0,6.5999999999999996
CMT,2009-01-05 16:29:02,2009-01-05 16:40:21,1,1.6000000000000001,-73.96969,40.749243999999997,,,-73.990413000000004,40.751081999999997,Credit,8.6999999999999993,0,,1.3,0,10
CMT,2009-01-05 18:53:13,2009-01-05 18:57:45,1,0.69999999999999996,-73.955173000000002,40.783043999999997,,,-73.958597999999995,40.774822,Cash,5.9000000000000004,0,,0,0,5.9000000000000004
CMT,2009-01-05 08:15:38,2009-01-05 08:16:44,1,0.29999999999999999,-73.986823999999999,40.750892999999998,,,-73.984117999999995,40.751437000000003,Cash,2.8999999999999999,0,,0,0,2.8999999999999999
CMT,2009-01-05 06:21:43,2009-01-05 06:28:41,1,2.2999999999999998,-74.006100000000004,40.748432000000001,,,-73.978437,40.762481000000001,Cash,7.7000000000000002,0,,0,0,7.7000000000000002
DDS,2009-01-20 13:44:02,2009-01-20 13:52:43,2,2.1000000000000001,-73.983339000000001,40.744782000000001,,,-73.981160000000003,40.720835000000001,CASH,7.2999999999999998,0,,0,0,7.2999999999999998
CMT,2009-01-05 16:19:53,2009-01-05 16:26:48,2,1.2,-73.973510000000005,40.760280000000002,,,-73.962933000000007,40.775118999999997,Cash,6.7000000000000002,0,,0,0,6.7000000000000002
CMT,2009-01-05 17:22:16,2009-01-05 17:27:25,1,0.80000000000000004,-73.984425999999999,40.757480000000001,,,-73.982518999999996,40.767164999999999,Cash,5.9000000000000004,0,,0,0,5.9000000000000004
CMT,2009-01-05 16:02:52,2009-01-05 16:18:43,1,4.5,-73.991063999999994,40.727654000000001,,,-73.945770999999993,40.777650000000001,Cash,13.9,0,,0,0,13.9
CMT,2009-01-05 12:15:06,2009-01-05 12:27:58,1,1.7,-74.001677999999998,40.747300000000003,,,-73.978956999999994,40.750394,Cash,8.5,0,,0,0,8.5
CMT,2009-01-05 07:49:57,2009-01-05 07:54:11,1,1,-73.982456999999997,40.731475000000003,,,-73.973011,40.743386999999998,Credit,4.5,0,,1,0,5.5
DDS,2009-01-23 23:57:34,2009-01-24 00:12:40,2,5,-73.992553999999998,40.724476000000003,,,-73.953064999999995,40.777555,CREDIT,13.300000000000001,0.5,,3.4500000000000002,0,17.25
CMT,2009-01-05 10:23:13,2009-01-05 10:33:56,1,1.3,-73.990088999999998,40.759027000000003,,,-73.983974000000003,40.746938,Cash,7.2999999999999998,0,,0,0,7.2999999999999998
CMT,2009-01-05 11:01:05,2009-01-05 11:11:19,1,1.6000000000000001,-73.945892999999998,40.773608000000003,,,-73.965765000000005,40.764682999999998,Cash,7.2999999999999998,0,,0,0,7.2999999999999998
DDS,2009-01-20 14:38:38,2009-01-20 14:50:57,1,1.3999999999999999,-73.969386999999998,40.749158999999999,,,-73.976872,40.758792,CASH,6.9000000000000004,0,,0,0,6.9000000000000004
CMT,2009-01-05 11:29:40,2009-01-05 11:37:04,1,1.3,-73.952267000000006,40.766204999999999,,,-73.969590999999994,40.762841000000002,Cash,6.5,0,,0,0,6.5
DDS,2009-01-23 00:12:44,2009-01-23 00:23:41,1,2.8999999999999999,-73.977986000000001,40.746056000000003,,,-73.949085999999994,40.781537,CASH,9.3000000000000007,0.5,,0,0,9.8000000000000007
CMT,2009-01-03 01:34:33,2009-01-03 01:35:10,1,0.10000000000000001,-73.956573000000006,40.716945000000003,,,-73.958689000000007,40.714976,Cash,3,0,,0,0,3
CMT,2009-01-03 17:08:30,2009-01-03 17:16:31,1,1,-73.999302999999998,40.754142000000002,,,-73.984849999999994,40.753539000000004,Credit,6.0999999999999996,0,,2,0,8.0999999999999996
CMT,2009-01-05 09:43:32,2009-01-05 10:02:28,1,3,-73.991283999999993,40.761803,,,-73.987076000000002,40.729314000000002,Cash,11.699999999999999,0,,0,0,11.699999999999999
CMT,2009-01-04 01:04:38,2009-01-04 01:09:19,2,1.2,-73.976983000000004,40.747166999999997,,,-73.964459000000005,40.758916999999997,Credit,5.7999999999999998,0,,1,0,6.7999999999999998
CMT,2009-01-05 14:38:59,2009-01-05 14:58:45,2,3.2999999999999998,-74.012822999999997,40.707816000000001,,,-73.990151999999995,40.750329999999998,Cash,12.9,0,,0,0,12.9
CMT,2009-01-05 08:31:55,2009-01-05 08:37:50,1,0.90000000000000002,-73.977936999999997,40.745919000000001,,,-73.983609000000001,40.755051000000002,Credit,5.2999999999999998,0,,0.79000000000000004,0,6.0899999999999999
CMT,2009-01-05 13:07:15,2009-01-05 13:16:27,1,1.1000000000000001,-73.977277999999998,40.758499999999998,,,-73.967039,40.769652999999998,Cash,6.9000000000000004,0,,0,0,6.9000000000000004
CMT,2009-01-03 03:31:36,2009-01-03 03:39:45,1,1.7,-73.988311999999993,40.723244999999999,,,-74.010422000000005,40.713962000000002,Cash,7.4000000000000004,0,,0,0,7.4000000000000004
CMT,2009-01-05 18:53:05,2009-01-05 19:00:27,1,1.3999999999999999,-73.958681999999996,40.783138999999998,,,-73.961332999999996,40.768295000000002,Cash,7.5,0,,0,0,7.5
CMT,2009-01-05 19:39:26,2009-01-05 19:49:41,2,1.8999999999999999,-73.993944999999997,40.746682999999997,,,-73.988737,40.727086,Credit,9.0999999999999996,0,,1.8200000000000001,0,10.92
DDS,2009-01-19 21:26:03,2009-01-19 21:51:42,4,8.6999999999999993,-73.977701999999994,40.786721,,,-73.884155000000007,40.759258000000003,CASH,22.100000000000001,0.5,,0,4.1500000000000004,26.75
DDS,2009-01-22 16:02:20,2009-01-22 16:08:33,2,0.59999999999999998,-73.983836999999994,40.761285000000001,,,-73.973247999999998,40.758684000000002,CASH,4.9000000000000004,1,,0,0,5.9000000000000004
CMT,2009-01-03 02:48:37,2009-01-03 03:01:05,2,5.2000000000000002,-73.951244000000003,40.774886000000002,,,-73.918015999999994,40.774807000000003,Cash,14.199999999999999,0,,0,0,14.199999999999999
CMT,2009-01-03 02:07:08,2009-01-03 02:24:19,1,5.0999999999999996,-73.997249999999994,40.721314999999997,,,-73.983699000000001,40.660420999999999,Cash,15.4,0,,0,0,15.4
DDS,2009-01-18 15:10:51,2009-01-18 15:17:53,2,1.3,-73.956192000000001,40.813521000000001,,,-73.964010000000002,40.799726,CASH,6.0999999999999996,0,,0,0,6.0999999999999996
CMT,2009-01-06 01:30:09,2009-01-06 01:39:48,1,3.7000000000000002,-73.949016,40.785981,,,-73.988427999999999,40.750478999999999,Cash,10.6,0,,0,0,10.6
CMT,2009-01-03 17:05:38,2009-01-03 17:21:38,1,4.5,-73.990611999999999,40.734878000000002,,,-73.940838999999997,40.718452999999997,Cash,13.300000000000001,0,,0,0,13.300000000000001
DDS,2009-01-21 14:38:05,2009-01-21 15:09:51,1,10,-73.997315999999998,40.7361,,,-73.871433999999994,40.773769999999999,CREDIT,26.100000000000001,0,,5.2000000000000002,4.1500000000000004,35.450000000000003
CMT,2009-01-03 02:27:06,2009-01-03 02:33:06,1,1.6000000000000001,-74.000020000000006,40.726688000000003,,,-74.011448999999999,40.707877000000003,Cash,6.5999999999999996,0,,0,0,6.5999999999999996
CMT,2009-01-06 00:23:15,2009-01-06 00:26:49,1,1,-73.991613999999998,40.740965000000003,,,-74.005948000000004,40.736341000000003,Credit,5.4000000000000004,0,,1.6000000000000001,0,7
CMT,2009-01-05 19:04:42,2009-01-05 19:08:23,1,1,-73.993521000000001,40.762265999999997,,,-73.988867999999997,40.774337000000003,Cash,5.5,0,,0,0,5.5
DDS,2009-01-20 14:28:55,2009-01-20 14:54:08,2,9.8000000000000007,-74.001485000000002,40.727884000000003,,,-73.936199000000002,40.843387,CASH,24.5,0,,0,0,24.5
CMT,2009-01-05 22:11:53,2009-01-05 22:18:35,1,1.6000000000000001,-73.983659000000003,40.770336999999998,,,-73.960213999999993,40.770240999999999,Cash,7,0,,0,0,7
CMT,2009-01-06 06:07:41,2009-01-06 06:25:44,1,9.3000000000000007,-73.954312000000002,40.773097999999997,,,-73.864738000000003,40.770322,Cash,21.699999999999999,0,,0,4.1500000000000004,25.850000000000001
CMT,2009-01-06 13:05:14,2009-01-06 13:15:14,1,0.5,-73.965083000000007,40.754973999999997,,,-73.970288999999994,40.759571000000001,Cash,6.5,0,,0,0,6.5
DDS,2009-01-18 07:49:21,2009-01-18 07:55:33,2,1.6000000000000001,-74.004042999999996,40.742055000000001,,,-74.004754000000005,40.752029,CASH,6.0999999999999996,0,,0,0,6.0999999999999996
CMT,2009-01-03 03:41:39,2009-01-03 03:44:54,1,0.40000000000000002,-73.952158999999995,40.777372999999997,,,-73.951132999999999,40.782753999999997,Cash,4.5999999999999996,0,,0,0,4.5999999999999996
CMT,2009-01-03 06:58:52,2009-01-03 07:05:26,1,1.7,-73.982356999999993,40.740081000000004,,,-73.990578999999997,40.756366,Cash,6.5,0,,0,0,6.5
CMT,2009-01-05 22:07:15,2009-01-05 22:17:50,2,3.1000000000000001,-73.986211999999995,40.732906999999997,,,-73.991817999999995,40.764547,Credit,10.199999999999999,0,,2.04,0,12.24
CMT,2009-01-06 06:29:56,2009-01-06 06:43:37,2,4.7999999999999998,-73.992176999999998,40.735458000000001,,,-73.94896,40.726261000000001,Cash,14.1,0,,0,0,14.1
CMT,2009-01-03 05:00:35,2009-01-03 05:09:09,1,1.8999999999999999,-73.988552999999996,40.721556,,,-74.010267999999996,40.711893000000003,Cash,7.7999999999999998,0,,0,0,7.7999999999999998
CMT,2009-01-05 22:21:00,2009-01-05 22:30:07,2,2.1000000000000001,-73.978825999999998,40.777223999999997,,,-73.975367000000006,40.757196,Credit,8.1999999999999993,0,,1,0,9.1999999999999993
CMT,2009-01-06 08:21:49,2009-01-06 08:36:11,1,2.8999999999999999,-73.996397999999999,40.723703999999998,,,-73.992299000000003,40.756523999999999,Cash,10.5,0,,0,0,10.5
CMT,2009-01-02 19:35:42,2009-01-02 19:41:01,1,0.80000000000000004,-73.984919000000005,40.728306000000003,,,-73.993404999999996,40.736018000000001,Cash,5.9000000000000004,0,,0,0,5.9000000000000004
CMT,2009-01-06 07:54:00,2009-01-06 08:02:05,1,0.90000000000000002,-73.989363999999995,40.762956000000003,,,-73.977148999999997,40.755445999999999,Cash,6.0999999999999996,0,,0,0,6.0999999999999996
CMT,2009-01-06 07:54:41,2009-01-06 07:59:56,1,1,-73.955286999999998,40.767575999999998,,,-73.965892999999994,40.758584999999997,Cash,4.9000000000000004,0,,0,0,4.9000000000000004
CMT,2009-01-06 07:26:38,2009-01-06 07:33:34,1,0.80000000000000004,-73.991011,40.755011000000003,,,-73.991011,40.755011000000003,Cash,5.7000000000000002,0,,0,0,5.7000000000000002
CMT,2009-01-05 19:48:40,2009-01-05 19:52:46,1,0.80000000000000004,-73.963949,40.770451999999999,,,-73.959547999999998,40.780016000000003,Cash,5.5,0,,0,0,5.5
CMT,2009-01-05 20:37:46,2009-01-05 20:57:20,1,5.5999999999999996,-73.979883000000001,40.748998,,,-73.974006000000003,40.677957999999997,Cash,17,0,,0,0,17
CMT,2009-01-05 20:49:46,2009-01-05 21:00:34,2,2,-73.993437,40.751452,,,-73.978722000000005,40.776476000000002,Cash,9,0,,0,0,9
CMT,2009-01-05 05:29:14,2009-01-05 05:45:09,1,7.7999999999999998,-73.995064999999997,40.688806999999997,,,-73.974406000000002,40.759920999999999,Cash,20.199999999999999,0,,0,0,20.199999999999999
CMT,2009-01-06 11:25:38,2009-01-06 11:29:30,1,0.5,-73.952444,40.780729999999998,,,-73.957148000000004,40.780664999999999,Cash,4.0999999999999996,0,,0,0,4.0999999999999996
CMT,2009-01-06 15:43:32,2009-01-06 15:53:51,2,1.1000000000000001,-73.986080999999999,40.741365000000002,,,-73.974118000000004,40.731316999999997,Credit,6.9000000000000004,0,,2,0,8.9000000000000004
CMT,2009-01-06 16:51:13,2009-01-06 16:59:39,1,2.3999999999999999,-73.997407999999993,40.720782,,,-73.987081000000003,40.750633999999998,Cash,9.0999999999999996,0,,0,0,9.0999999999999996
CMT,2009-01-03 12:57:28,2009-01-03 13:12:54,1,2.7000000000000002,-73.989075999999997,40.730750999999998,,,-73.978767000000005,40.762070000000001,Cash,10.9,0,,0,0,10.9
CMT,2009-01-03 12:15:43,2009-01-03 12:22:20,1,0.80000000000000004,-73.974309000000005,40.762473999999997,,,-73.977782000000005,40.755135000000003,Cash,5.2999999999999998,0,,0,0,5.2999999999999998
DDS,2009-01-22 17:50:16,2009-01-22 18:18:39,1,6.2000000000000002,-73.978577999999999,40.772675999999997,,,-73.933688000000004,40.853971000000001,CASH,18.899999999999999,1,,0,0,19.899999999999999
CMT,2009-01-03 11:05:27,2009-01-03 11:10:55,1,0.90000000000000002,-73.969417000000007,40.758750999999997,,,-73.974090000000004,40.763877000000001,Credit,5.2999999999999998,0,,1.3200000000000001,0,6.6200000000000001
CMT,2009-01-03 10:50:30,2009-01-03 11:02:16,3,2.7000000000000002,-73.974430999999996,40.755792,,,-73.972555,40.781100000000002,Cash,9.3000000000000007,0,,0,0,9.3000000000000007
CMT,2009-01-06 14:51:53,2009-01-06 15:21:35,1,11,-73.862763000000001,40.769269000000001,,,-74.006214999999997,40.740059000000002,Credit,27.699999999999999,0,,6.3700000000000001,4.1500000000000004,38.219999999999999
CMT,2009-01-06 19:57:42,2009-01-06 20:05:01,1,3.7999999999999998,-73.973797000000005,40.743580999999999,,,-74.000940999999997,40.708817000000003,Cash,11.1,0,,0,0,11.1
CMT,2009-01-05 09:26:49,2009-01-05 09:33:52,1,0.90000000000000002,-73.986025999999995,40.762574000000001,,,-73.973129999999998,40.76343,Cash,5.7000000000000002,0,,0,0,5.7000000000000002
CMT,2009-01-03 11:11:16,2009-01-03 11:16:23,1,1.5,-73.989637999999999,40.755943000000002,,,-73.970135999999997,40.761550999999997,Cash,6.0999999999999996,0,,0,0,6.0999999999999996
CMT,2009-01-06 11:46:19,2009-01-06 12:01:14,1,2,-73.983193,40.756954,,,-73.961483000000001,40.774247000000003,Credit,9.6999999999999993,0,,2.4199999999999999,0,12.119999999999999
CMT,2009-01-02 18:46:02,2009-01-02 18:48:19,1,0.90000000000000002,-73.996618999999995,40.763291000000002,,,-74.005712000000003,40.753278000000002,Cash,5.0999999999999996,0,,0,0,5.0999999999999996
CMT,2009-01-06 19:17:22,2009-01-06 19:23:36,1,0.69999999999999996,-73.956987999999996,40.775128000000002,,,-73.947879999999998,40.770674999999997,Cash,6.2999999999999998,0,,0,0,6.2999999999999998
CMT,2009-01-06 18:40:06,2009-01-06 18:44:34,1,1.2,-73.969622999999999,40.757640000000002,,,-73.955788999999996,40.767882999999998,Cash,6.2999999999999998,0,,0,0,6.2999999999999998
CMT,2009-01-03 16:56:43,2009-01-03 17:07:52,1,5.7000000000000002,-74.006741000000005,40.705744000000003,,,-73.968546000000003,40.754061,Cash,14.5,0,,0,0,14.5
CMT,2009-01-05 00:57:35,2009-01-05 01:03:06,1,1.2,-73.962459999999993,40.799799,,,-73.970996,40.790956999999999,Cash,5.7999999999999998,0,,0,0,5.7999999999999998
CMT,2009-01-06 16:52:38,2009-01-06 16:53:05,4,0,-73.946700000000007,40.744697000000002,,,-73.946700000000007,40.744697000000002,Cash,3.5,0,,0,0,3.5
CMT,2009-01-02 20:19:41,2009-01-02 20:22:02,1,0.59999999999999998,-73.987543000000002,40.775554999999997,,,-73.980839000000003,40.783541999999997,Cash,4.5999999999999996,0,,0,0,4.5999999999999996
CMT,2009-01-03 15:17:11,2009-01-03 15:36:47,1,3.3999999999999999,-74.005748999999994,40.736476000000003,,,-73.980692000000005,40.777697000000003,Credit,12.9,0,,3,0,15.9
CMT,2009-01-03 17:34:41,2009-01-03 17:37:01,1,0.40000000000000002,-73.975807000000003,40.786282,,,-73.971046999999999,40.783059000000002,Credit,3.7000000000000002,0,,1,0,4.7000000000000002
CMT,2009-01-06 21:55:41,2009-01-06 21:58:48,1,0.59999999999999998,-73.991802000000007,40.754151999999998,,,-73.988195000000005,40.748696000000002,Cash,4.5999999999999996,0,,0,0,4.5999999999999996
CMT,2009-01-03 16:24:35,2009-01-03 16:42:16,3,3.8999999999999999,-73.961833999999996,40.762025999999999,,,-74.001026999999993,40.747069000000003,Cash,13.699999999999999,0,,0,0,13.699999999999999
CMT,2009-01-03 16:27:10,2009-01-03 17:04:38,2,17.899999999999999,-73.984087000000002,40.756808999999997,,,-73.776501999999994,40.645572999999999,Cash,45,0,,0,0,45
CMT,2009-01-03 16:08:10,2009-01-03 16:18:24,1,2.2000000000000002,-74.001347999999993,40.756658999999999,,,-73.979408000000006,40.74136,Cash,8.0999999999999996,0,,0,0,8.0999999999999996
CMT,2009-01-06 19:22:18,2009-01-06 19:30:01,1,1.7,-73.987252999999995,40.753504999999997,,,-74.005486000000005,40.740105,Cash,7.9000000000000004,0,,0,0,7.9000000000000004
CMT,2009-01-03 15:00:23,2009-01-03 15:10:33,2,0.69999999999999996,-73.958931000000007,40.753357000000001,,,-73.958931000000007,40.753357000000001,Cash,6.5,0,,0,0,6.5
CMT,2009-01-03 13:23:08,2009-01-03 13:25:57,1,0.59999999999999998,-73.955889999999997,40.768042000000001,,,-73.950513999999998,40.775539999999999,Cash,4.0999999999999996,0,,0,0,4.0999999999999996
CMT,2009-01-06 23:04:40,2009-01-06 23:09:29,1,0.5,-73.982161000000005,40.768518999999998,,,-73.982112999999998,40.774422999999999,Cash,5,0,,0,0,5
CMT,2009-01-03 02:00:05,2009-01-03 02:08:35,2,3,-74.006709999999998,40.744076999999997,,,-73.971789000000001,40.762047000000003,Cash,9.4000000000000004,0,,0,0,9.4000000000000004
CMT,2009-01-03 16:48:23,2009-01-03 17:35:50,1,19.199999999999999,-74.006648999999996,40.716653000000001,,,-73.785955999999999,40.638868000000002,No Charge,45,0,,0,0,45
CMT,2009-01-06 17:10:51,2009-01-06 17:23:01,1,1.8,-73.975950999999995,40.740490999999999,,,-73.989242000000004,40.757063000000002,Cash,9.0999999999999996,0,,0,0,9.0999999999999996
CMT,2009-01-06 22:06:25,2009-01-06 22:11:30,1,1.1000000000000001,-73.972742999999994,40.786563000000001,,,-73.956258000000005,40.779586000000002,Cash,5.7999999999999998,0,,0,0,5.7999999999999998
CMT,2009-01-03 17:23:18,2009-01-03 17:27:03,2,0.59999999999999998,-73.959819999999993,40.779339,,,-73.957994999999997,40.774493999999997,Cash,4.0999999999999996,0,,0,0,4.0999999999999996
CMT,2009-01-03 17:23:31,2009-01-03 17:48:03,2,7.7999999999999998,-73.949243999999993,40.745018999999999,,,-73.949240000000003,40.745019999999997,Cash,21.699999999999999,0,,0,0,21.699999999999999
DDS,2009-01-23 12:13:24,2009-01-23 12:21:20,2,1,-73.954415999999995,40.783869000000003,,,-73.948588000000001,40.773895000000003,CASH,6.0999999999999996,0,,0,0,6.0999999999999996
DDS,2009-01-21 07:24:05,2009-01-21 07:27:38,1,0.29999999999999999,-73.976113999999995,40.7883,,,-73.979194000000007,40.791151999999997,CASH,3.7000000000000002,0,,0,0,3.7000000000000002
DDS,2009-01-05 19:49:25,2009-01-05 21:10:05,1,1.8,-73.907843999999997,40.741930000000004,,,-73.900499999999994,40.745032999999999,CASH,6.5,1,,0,0,7.5
DDS,2009-01-04 13:00:22,2009-01-04 13:07:35,2,1.2,-73.950957000000002,40.770792,,,-73.966757000000001,40.763939999999998,CASH,5.7000000000000002,0,,0,0,5.7000000000000002
CMT,2009-01-06 19:12:16,2009-01-06 19:21:56,1,1.8,-74.002449999999996,40.739491999999998,,,-73.984729000000002,40.724508999999998,Cash,8.6999999999999993,0,,0,0,8.6999999999999993
DDS,2009-01-05 12:40:56,2009-01-05 13:06:08,3,4,-73.981065000000001,40.774146999999999,,,-74.000039999999998,40.722593000000003,CASH,14.9,0,,0,0,14.9
CMT,2009-01-06 19:48:22,2009-01-06 20:05:22,1,6.4000000000000004,-73.991519999999994,40.696154,,,-73.976965000000007,40.752502999999997,Credit,18.300000000000001,0,,2.7400000000000002,0,21.039999999999999
CMT,2009-01-07 06:12:44,2009-01-07 06:26:10,1,3.2999999999999998,-74.010099999999994,40.721088999999999,,,-73.978292999999994,40.750869999999999,Cash,10.9,0,,0,0,10.9
DDS,2009-01-26 14:52:19,2009-01-26 14:59:16,1,0.90000000000000002,-73.979905000000002,40.754916999999999,,,-73.993076000000002,40.749696999999998,CASH,5.2999999999999998,0,,0,0,5.2999999999999998
CMT,2009-01-03 13:52:54,2009-01-03 14:08:08,2,3.2999999999999998,-73.955563999999995,40.779682000000001,,,-73.990936000000005,40.751486999999997,Cash,11.699999999999999,0,,0,0,11.699999999999999
CMT,2009-01-06 20:25:13,2009-01-06 20:41:18,2,3.5,-73.994112000000001,40.741011,,,-73.959447999999995,40.777079999999998,Cash,11.800000000000001,0,,0,0,11.800000000000001
CMT,2009-01-03 15:01:30,2009-01-03 15:20:41,1,3.3999999999999999,-73.991894000000002,40.756388999999999,,,-73.951048999999998,40.771988,Cash,12.9,0,,0,0,12.9
CMT,2009-01-07 08:52:20,2009-01-07 09:00:56,1,0.90000000000000002,-73.991861999999998,40.761496999999999,,,-73.989052000000001,40.751083000000001,Cash,6.0999999999999996,0,,0,0,6.0999999999999996
CMT,2009-01-06 22:21:52,2009-01-06 22:25:39,4,0.80000000000000004,-73.986118000000005,40.730865999999999,,,-73.997354999999999,40.725757999999999,Cash,5,0,,0,0,5
CMT,2009-01-07 09:52:29,2009-01-07 09:55:59,1,0.40000000000000002,-74.000420000000005,40.737468,,,-74.001728,40.740965000000003,Credit,4.0999999999999996,0,,0.60999999999999999,0,4.71
CMT,2009-01-07 13:12:59,2009-01-07 13:30:39,1,9.6999999999999993,-73.983311999999998,40.738635000000002,,,-73.861560999999995,40.768268999999997,Credit,22.5,0,,5.3300000000000001,4.1500000000000004,31.98
DDS,2009-01-30 13:24:48,2009-01-30 13:34:48,2,1,-73.985755999999995,40.756962000000001,,,-73.972157999999993,40.762846000000003,CASH,6.0999999999999996,0,,0,0,6.0999999999999996
CMT,2009-01-07 06:34:46,2009-01-07 06:36:39,1,0.20000000000000001,-73.952263000000002,40.787331000000002,,,-73.952172000000004,40.789786999999997,Cash,3.2999999999999998,0,,0,0,3.2999999999999998
CMT,2009-01-07 15:22:59,2009-01-07 16:02:05,1,16,-73.998531,40.723438000000002,,,-73.776263999999998,40.645615999999997,Credit,45,0,,6.75,0,51.75
DDS,2009-01-05 16:17:35,2009-01-05 16:26:22,1,1,-73.977844000000005,40.755670000000002,,,-73.962659000000002,40.755687999999999,CREDIT,5.7000000000000002,1,,1,0,7.7000000000000002
CMT,2009-01-07 07:16:04,2009-01-07 07:29:58,1,2.8999999999999999,-73.991268000000005,40.745412000000002,,,-74.014953000000006,40.713788999999998,Cash,10.5,0,,0,0,10.5
DDS,2009-01-06 14:18:25,2009-01-06 14:28:47,1,1.2,-73.979643999999993,40.732674000000003,,,-73.984949999999998,40.740889000000003,CREDIT,6.9000000000000004,0,,1.3500000000000001,0,8.25
DDS,2009-01-06 08:42:52,2009-01-06 08:53:39,1,1.3,-73.993904999999998,40.761608000000003,,,-73.972679999999997,40.759348000000003,CASH,7.2999999999999998,0,,0,0,7.2999999999999998
CMT,2009-01-03 15:24:21,2009-01-03 15:33:52,1,2.6000000000000001,-73.961659999999995,40.800766000000003,,,-73.965306999999996,40.771887999999997,Cash,8.5,0,,0,0,8.5
CMT,2009-01-07 10:35:35,2009-01-07 10:38:40,1,0.69999999999999996,-73.924959000000001,40.773575000000001,,,-73.925313000000003,40.765180999999998,Cash,4.0999999999999996,0,,0,0,4.0999999999999996
CMT,2009-01-07 08:43:27,2009-01-07 08:57:00,1,1.3999999999999999,-73.974010000000007,40.747615000000003,,,-73.986873000000003,40.736409000000002,Credit,8.5,0,,1,0,9.5
DDS,2009-01-05 23:55:43,2009-01-06 00:09:10,1,4.7999999999999998,-73.994236000000001,40.722681999999999,,,-73.948209000000006,40.778685000000003,CASH,12.5,0.5,,0,0,13
CMT,2009-01-07 08:32:30,2009-01-07 08:41:04,1,1.3,-73.990039999999993,40.732435000000002,,,-73.978835000000004,40.750287999999998,Cash,6.5,0,,0,0,6.5
CMT,2009-01-06 22:25:39,2009-01-06 22:29:58,2,0.80000000000000004,-73.947317999999996,40.783755999999997,,,-73.945267000000001,40.775238000000002,Cash,5.4000000000000004,0,,0,0,5.4000000000000004
CMT,2009-01-06 19:21:59,2009-01-06 19:39:10,1,5.9000000000000004,-74.005048000000002,40.741052000000003,,,-73.989259000000004,40.665734999999998,Cash,16.699999999999999,0,,0,4.1500000000000004,20.850000000000001
CMT,2009-01-07 08:39:19,2009-01-07 09:13:55,1,10.300000000000001,-73.974622999999994,40.783003000000001,,,-73.865384000000006,40.770764999999997,Credit,28.5,0,,6.5300000000000002,4.1500000000000004,39.18
DDS,2009-01-06 11:46:11,2009-01-06 12:06:48,1,1.3,-73.971115999999995,40.758629999999997,,,-73.983079000000004,40.770935999999999,CASH,10.5,0,,0,0,10.5
CMT,2009-01-06 21:06:44,2009-01-06 21:12:48,2,1,-74.004688000000002,40.740791000000002,,,-73.997037000000006,40.742342000000001,Credit,5.7999999999999998,0,,0.87,0,6.6699999999999999
CMT,2009-01-07 06:11:55,2009-01-07 06:23:01,1,2.7000000000000002,-73.990092000000004,40.756608,,,-73.954293000000007,40.764153999999998,Cash,9.6999999999999993,0,,0,0,9.6999999999999993
CMT,2009-01-06 02:06:20,2009-01-06 02:09:51,1,1.2,-73.979408000000006,40.751480000000001,,,-73.979798000000002,40.739282000000003,Cash,5.4000000000000004,0,,0,0,5.4000000000000004
CMT,2009-01-07 07:55:48,2009-01-07 07:58:52,2,0.5,-73.974716999999998,40.755612999999997,,,-73.968822000000003,40.759802000000001,Cash,4.0999999999999996,0,,0,0,4.0999999999999996
CMT,2009-01-03 17:44:05,2009-01-03 18:03:37,1,3.2000000000000002,-73.962422000000004,40.767220000000002,,,-73.979605000000006,40.733055,Cash,12.5,0,,0,0,12.5
DDS,2009-01-06 21:18:47,2009-01-06 21:27:05,1,1.5,-73.996320999999995,40.723973999999998,,,-73.997220999999996,40.741553000000003,CASH,6.5,0.5,,0,0,7
VTS,2009-01-27 09:32:00,2009-01-27 09:50:00,1,2.1600000000000001,-73.989069999999998,40.741394999999997,,,-73.963835000000003,40.756577,CASH,10.9,0,,0,0,10.9
VTS,2009-01-27 14:41:00,2009-01-27 14:48:00,5,1.1299999999999999,0,0,,,0,0,CASH,6.0999999999999996,0,,0,0,6.0999999999999996
VTS,2009-01-26 14:57:00,2009-01-26 15:07:00,1,1.1799999999999999,-73.984437999999997,40.743012,,,-73.983419999999995,40.755493000000001,CASH,7.2999999999999998,0,,0,0,7.2999999999999998
VTS,2009-01-27 10:37:00,2009-01-27 10:43:00,1,0.83999999999999997,-73.998215000000002,40.735415000000003,,,-73.994253,40.744908000000002,CASH,4.9000000000000004,0,,0,0,4.9000000000000004
VTS,2009-01-26 19:41:00,2009-01-26 19:45:00,5,0.46000000000000002,-73.965176999999997,40.806044999999997,,,-73.959558000000001,40.807732999999999,CASH,3.7000000000000002,1,,0,0,4.7000000000000002
VTS,2009-01-26 23:04:00,2009-01-26 23:05:00,1,0.70999999999999996,-73.977168000000006,40.742919999999998,,,-73.984882999999996,40.738892999999997,CASH,4.0999999999999996,0.5,,0,0,4.5999999999999996
CMT,2009-01-23 10:11:33,2009-01-23 10:36:24,1,3.7000000000000002,-73.986222999999995,40.762346000000001,,,-74.009865000000005,40.721229000000001,Cash,14.9,0,,0,0,14.9
CMT,2009-01-23 11:40:37,2009-01-23 12:07:09,1,7.5,-73.994759999999999,40.684728999999997,,,-73.980168000000006,40.751519000000002,Cash,21.699999999999999,0,,0,0,21.699999999999999
VTS,2009-01-26 16:32:00,2009-01-26 16:32:00,2,0.98999999999999999,-73.959940000000003,40.770947999999997,,,-73.946181999999993,40.772722999999999,Credit,4.9000000000000004,1,,1,0,6.9000000000000004
CMT,2009-01-23 06:20:49,2009-01-23 06:23:44,1,0.59999999999999998,-73.978178,40.754095999999997,,,-73.977815000000007,40.763184000000003,Cash,4.0999999999999996,0,,0,0,4.0999999999999996
DDS,2009-01-06 07:50:21,2009-01-06 08:06:08,4,2.1000000000000001,-73.959485000000001,40.771186999999998,,,-73.975521999999998,40.791905,CASH,9.6999999999999993,0,,0,0,9.6999999999999993
VTS,2009-01-24 19:51:00,2009-01-24 20:01:00,1,1.3899999999999999,-73.976572000000004,40.739505000000001,,,-73.980153000000001,40.730417000000003,CASH,7.2999999999999998,0,,0,0,7.2999999999999998
VTS,2009-01-23 22:16:00,2009-01-23 22:20:00,5,0.59999999999999998,-73.984961999999996,40.769362000000001,,,-73.988718000000006,40.775122000000003,CASH,4.0999999999999996,0.5,,0,0,4.5999999999999996
VTS,2009-01-24 20:03:00,2009-01-24 20:09:00,2,1.3300000000000001,-73.988403000000005,40.749073000000003,,,-73.972627000000003,40.755871999999997,CASH,5.7000000000000002,0.5,,0,0,6.2000000000000002
VTS,2009-01-22 19:57:00,2009-01-22 20:05:00,1,1.0600000000000001,-73.981426999999996,40.74147,,,-73.994281999999998,40.749912999999999,CASH,5.7000000000000002,1,,0,0,6.7000000000000002
DDS,2009-01-06 20:03:30,2009-01-06 20:24:02,1,2.6000000000000001,-73.994377999999998,40.728242999999999,,,-73.986016000000006,40.756853999999997,CASH,11.699999999999999,0.5,,0,0,12.199999999999999
VTS,2009-01-24 18:50:00,2009-01-24 19:08:00,2,4.5599999999999996,-73.962540000000004,40.772508000000002,,,-73.988664999999997,40.727130000000002,CASH,14.1,0,,0,0,14.1
DDS,2009-01-21 13:23:11,2009-01-21 13:50:49,3,4.0999999999999996,-73.998926999999995,40.713642,,,-73.982817999999995,40.763725000000001,CASH,15.300000000000001,0,,0,0,15.300000000000001
DDS,2009-01-07 02:00:07,2009-01-07 02:16:00,1,3.8999999999999999,-73.981420999999997,40.732889,,,-73.957589999999996,40.717928999999998,CREDIT,11.699999999999999,0.5,,2,0,14.199999999999999
DDS,2009-01-23 21:32:12,2009-01-23 21:50:23,1,4.5,-73.137393000000003,41.366137999999999,,,-73.137393000000003,41.366137999999999,CASH,14.1,0.5,,0,0,14.6
VTS,2009-01-24 22:46:00,2009-01-24 23:03:00,2,3.1600000000000001,-73.949752000000004,40.722245000000001,,,-73.987195,40.725079999999998,CASH,12.5,0.5,,0,0,13
VTS,2009-01-24 23:22:00,2009-01-24 23:42:00,2,6.4500000000000002,-73.979151999999999,40.740051999999999,,,-73.967209999999994,40.693317,Credit,18.5,0.5,,3.7999999999999998,0,22.800000000000001
VTS,2009-01-23 00:27:00,2009-01-23 00:35:00,2,3.1299999999999999,-73.977851999999999,40.784016999999999,,,-73.939503000000002,40.798521999999998,Credit,9.6999999999999993,0.5,,2,0,12.199999999999999
VTS,2009-01-25 00:22:00,2009-01-25 00:28:00,1,3.1600000000000001,-73.984966999999997,40.745657999999999,,,-73.953836999999993,40.779342,CASH,9.3000000000000007,0.5,,0,0,9.8000000000000007
VTS,2009-01-23 10:46:00,2009-01-23 10:57:00,4,1.1299999999999999,-73.971791999999994,40.754061999999998,,,-73.975335000000001,40.757260000000002,CASH,6.9000000000000004,0,,0,0,6.9000000000000004
VTS,2009-01-25 11:11:00,2009-01-25 11:20:00,1,2.3900000000000001,-74.015715,40.711097000000002,,,-73.996547000000007,40.73357,CASH,8.5,0,,0,0,8.5
VTS,2009-01-24 20:54:00,2009-01-24 20:58:00,1,0.53000000000000003,-73.972274999999996,40.756897000000002,,,-73.979723000000007,40.759467000000001,CASH,4.5,0.5,,0,0,5
DDS,2009-01-06 22:37:52,2009-01-06 22:53:09,2,4.5,-73.988906,40.758164000000001,,,-73.518401999999995,40.718108000000001,CASH,12.9,0.5,,0,0,13.4
VTS,2009-01-23 19:52:00,2009-01-23 20:01:00,2,3.1099999999999999,-73.985732999999996,40.735227000000002,,,-73.956973000000005,40.744545000000002,CASH,8.9000000000000004,1,,0,4.1500000000000004,14.050000000000001
VTS,2009-01-23 08:29:00,2009-01-23 08:36:00,1,1.3,-73.971701999999993,40.760080000000002,,,-73.953950000000006,40.766922000000001,Credit,6.9000000000000004,0,,2,0,8.9000000000000004
VTS,2009-01-25 03:16:00,2009-01-25 03:43:00,1,7.3399999999999999,-74.002387999999996,40.734437999999997,,,-73.946768000000006,40.805877000000002,CASH,20.899999999999999,0.5,,0,0,21.399999999999999
DDS,2009-01-06 15:33:59,2009-01-06 15:37:46,3,1,-73.988409000000004,40.759149999999998,,,-73.974289999999996,40.763527000000003,CASH,4.9000000000000004,0,,0,0,4.9000000000000004
CMT,2009-01-18 22:18:32,2009-01-18 23:01:09,1,12.300000000000001,-73.991608999999997,40.759636,,,-74.031313999999995,40.622985999999997,Cash,31.399999999999999,0,,0,0,31.399999999999999
VTS,2009-01-24 21:24:00,2009-01-24 21:37:00,2,3.3300000000000001,-73.934010000000001,40.750664999999998,,,-73.874656999999999,40.758203000000002,CASH,10.9,0.5,,0,0,11.4
VTS,2009-01-23 19:47:00,2009-01-23 19:56:00,2,1.1000000000000001,-73.976567000000003,40.780467999999999,,,-73.980644999999996,40.766387000000002,CASH,6.5,1,,0,0,7.5
VTS,2009-01-25 07:11:00,2009-01-25 07:25:00,2,5.0499999999999998,-73.989481999999995,40.776972000000001,,,-73.986197000000004,40.731926999999999,CASH,13.300000000000001,0,,0,0,13.300000000000001
VTS,2009-01-23 16:12:00,2009-01-23 16:26:00,1,2.3300000000000001,-73.977500000000006,40.762238000000004,,,-73.998615000000001,40.740147,Credit,8.9000000000000004,1,,1,0,10.9
VTS,2009-01-25 11:53:00,2009-01-25 12:09:00,1,2.7799999999999998,-73.991641999999999,40.748907000000003,,,-73.998097000000001,40.715437000000001,CASH,11.300000000000001,0,,0,0,11.300000000000001
VTS,2009-01-25 00:46:00,2009-01-25 00:59:00,1,3.1899999999999999,-73.968412000000001,40.762372999999997,,,-74.002967999999996,40.740091999999997,CASH,10.9,0.5,,0,0,11.4
VTS,2009-01-25 09:31:00,2009-01-25 09:34:00,1,0.38,-73.980180000000004,40.775599999999997,,,-73.981494999999995,40.779949999999999,CASH,3.7000000000000002,0,,0,0,3.7000000000000002
CMT,2009-01-18 23:22:00,2009-01-18 23:30:02,4,2.2999999999999998,-74.010292000000007,40.711903,,,-74.007069999999999,40.743679999999998,Cash,8.5999999999999996,0,,0,0,8.5999999999999996
CMT,2009-01-18 22:33:46,2009-01-18 22:41:00,2,2.2000000000000002,-73.978371999999993,40.761133000000001,,,-73.953534000000005,40.772717,Cash,7.7999999999999998,0,,0,0,7.7999999999999998
VTS,2009-01-25 00:30:00,2009-01-25 00:39:00,5,2.6000000000000001,-74.004206999999994,40.721626999999998,,,-73.985168000000002,40.751213,Credit,9.3000000000000007,0.5,,1,0,10.800000000000001
VTS,2009-01-25 02:51:00,2009-01-25 03:04:00,5,4.1100000000000003,0,0,,,0,0,CASH,12.1,0.5,,0,0,12.6
VTS,2009-01-25 03:04:00,2009-01-25 03:11:00,1,2.0800000000000001,-74.006827000000001,40.744148000000003,,,-73.984871999999996,40.764054999999999,Credit,7.7000000000000002,0.5,,1.3,0,9.5
VTS,2009-01-25 12:57:00,2009-01-25 13:14:00,1,3.9399999999999999,-73.946978000000001,40.775886999999997,,,-73.995802999999995,40.769289999999998,CASH,12.9,0,,0,0,12.9
VTS,2009-01-22 23:27:00,2009-01-22 23:43:00,5,5.0999999999999996,-74.001337000000007,40.736345,,,-73.950441999999995,40.783568000000002,Credit,14.5,0.5,,3,0,18
VTS,2009-01-25 03:10:00,2009-01-25 03:23:00,1,4.0800000000000001,-73.999480000000005,40.728870000000001,,,-73.982186999999996,40.775522000000002,CASH,11.699999999999999,0.5,,0,0,12.199999999999999
VTS,2009-01-24 23:02:00,2009-01-24 23:12:00,4,3.9399999999999999,-73.997730000000004,40.724266999999998,,,-73.945183,40.715187999999998,CASH,12.5,0.5,,0,0,13
VTS,2009-01-25 00:42:00,2009-01-25 00:55:00,1,3.29,-73.993072999999995,40.748705000000001,,,-73.978106999999994,40.713450000000002,CASH,10.9,0.5,,0,0,11.4
CMT,2009-01-18 22:22:48,2009-01-18 22:29:12,4,1.3,-73.993540999999993,40.733086999999998,,,-73.997764000000004,40.720649000000002,Cash,6.2000000000000002,0,,0,0,6.2000000000000002
VTS,2009-01-24 23:54:00,2009-01-25 00:01:00,2,1.21,-73.988732999999996,40.736792000000001,,,-73.983298000000005,40.749637999999997,CASH,5.7000000000000002,0.5,,0,0,6.2000000000000002
CMT,2009-01-18 19:50:32,2009-01-18 20:29:24,1,11.4,-73.970934999999997,40.757798000000001,,,-73.984702999999996,40.763421999999998,Cash,29.699999999999999,0,,0,0,29.699999999999999
CMT,2009-01-18 23:30:08,2009-01-18 23:38:29,2,2.2000000000000002,-73.981185999999994,40.750247000000002,,,-73.986254000000002,40.772481999999997,Cash,8.1999999999999993,0,,0,0,8.1999999999999993
VTS,2009-01-24 22:14:00,2009-01-24 22:25:00,5,10.109999999999999,-73.977149999999995,40.754292,,,-73.921961999999994,40.867485000000002,Credit,24.100000000000001,0.5,,3,0,27.600000000000001
VTS,2009-01-25 04:11:00,2009-01-25 04:14:00,1,0.83999999999999997,-73.988277999999994,40.723224999999999,,,-73.985685000000004,40.732762999999998,CASH,4.5,0.5,,0,0,5
VTS,2009-01-25 02:36:00,2009-01-25 02:51:00,1,3.9500000000000002,-74.002016999999995,40.750526999999998,,,-73.956947999999997,40.776676999999999,Credit,12.5,0.5,,2,0,15
VTS,2009-01-25 10:21:00,2009-01-25 10:26:00,1,1.0800000000000001,-73.967241999999999,40.759787000000003,,,-73.967241999999999,40.759787000000003,CASH,4.9000000000000004,0,,0,0,4.9000000000000004
VTS,2009-01-25 09:09:00,2009-01-25 09:22:00,5,6.2800000000000002,-74.015197999999998,40.709814999999999,,,-73.976946999999996,40.752837,CASH,16.5,0,,0,0,16.5
VTS,2009-01-25 15:03:00,2009-01-25 15:13:00,1,1.8200000000000001,-73.987872999999993,40.750483000000003,,,-73.970837000000003,40.764347999999998,CASH,7.7000000000000002,0,,0,0,7.7000000000000002
CMT,2009-01-25 18:09:54,2009-01-25 18:24:27,1,1.8999999999999999,-73.982442000000006,40.773285000000001,,,-73.991776999999999,40.749848,Cash,9.6999999999999993,0,,0,0,9.6999999999999993
VTS,2009-01-24 19:52:00,2009-01-24 20:18:00,2,6.5199999999999996,-73.957149999999999,40.774247000000003,,,-73.994082000000006,40.726802999999997,CASH,18.899999999999999,0,,0,0,18.899999999999999
VTS,2009-01-25 13:38:00,2009-01-25 13:55:00,2,4.25,-74.003131999999994,40.732922000000002,,,-73.977343000000005,40.743648,CASH,12.1,0,,0,0,12.1
VTS,2009-01-25 02:07:00,2009-01-25 02:19:00,5,3.4700000000000002,-73.988798000000003,40.727065000000003,,,-73.958714999999998,40.764122,CASH,10.9,0.5,,0,0,11.4
VTS,2009-01-25 12:16:00,2009-01-25 12:33:00,1,2.2999999999999998,-73.994609999999994,40.750591999999997,,,-73.993575000000007,40.733224999999997,CASH,10.5,0,,0,0,10.5
VTS,2009-01-25 15:09:00,2009-01-25 15:16:00,2,1.1100000000000001,-73.982133000000005,40.768360000000001,,,-73.972598000000005,40.780737999999999,CASH,5.2999999999999998,0,,0,0,5.2999999999999998
VTS,2009-01-25 12:24:00,2009-01-25 12:33:00,5,2.9199999999999999,-73.985990000000001,40.762802000000001,,,-73.950657000000007,40.771698000000001,Credit,10.9,0,,2,0,12.9
CMT,2009-01-22 19:35:40,2009-01-22 19:46:10,1,1.1000000000000001,-73.969262000000001,40.761116000000001,,,-73.983435,40.761735999999999,Cash,8.3000000000000007,0,,0,0,8.3000000000000007
VTS,2009-01-24 19:48:00,2009-01-24 19:56:00,1,1.8600000000000001,-73.977767999999998,40.746183000000002,,,-73.992294999999999,40.725166999999999,Credit,7.7000000000000002,0,,2,0,9.6999999999999993
VTS,2009-01-24 16:21:00,2009-01-24 16:28:00,4,0.96999999999999997,-73.977132999999995,40.758273000000003,,,-73.99051,40.756661999999999,CASH,5.7000000000000002,0,,0,0,5.7000000000000002
VTS,2009-01-25 10:09:00,2009-01-25 10:15:00,1,1.6000000000000001,-73.948058000000003,40.789830000000002,,,-73.953180000000003,40.771887999999997,CASH,6.0999999999999996,0,,0,0,6.0999999999999996
CMT,2009-01-25 19:03:27,2009-01-25 19:26:46,1,10.5,-73.874607999999995,40.774068,,,-73.979561000000004,40.771372999999997,Cash,25.300000000000001,0,,0,4.1500000000000004,29.449999999999999
CMT,2009-01-22 19:27:03,2009-01-22 19:31:05,1,0.69999999999999996,-73.958526000000006,40.772686,,,-73.960520000000002,40.768830000000001,Cash,5.0999999999999996,0,,0,0,5.0999999999999996
VTS,2009-01-24 16:23:00,2009-01-24 16:30:00,1,0.69999999999999996,-74.000811999999996,40.732047999999999,,,-73.997168000000002,40.725437999999997,CASH,5.2999999999999998,0,,0,0,5.2999999999999998
CMT,2009-01-22 17:58:17,2009-01-22 18:06:18,1,2,-73.978165000000004,40.737440999999997,,,-73.959207000000006,40.763196000000001,Cash,8.3000000000000007,0,,0,0,8.3000000000000007
VTS,2009-01-24 22:12:00,2009-01-24 22:14:00,3,0.25,-73.972868000000005,40.790407999999999,,,-73.970668000000003,40.793767000000003,CASH,2.8999999999999999,0.5,,0,0,3.3999999999999999
VTS,2009-01-24 21:06:00,2009-01-24 21:09:00,1,0.62,-73.998634999999993,40.681646999999998,,,-73.993627000000004,40.688515000000002,CASH,4.0999999999999996,0.5,,0,0,4.5999999999999996
VTS,2009-01-25 00:42:00,2009-01-25 01:00:00,1,7.0099999999999998,-73.987076999999999,40.761446999999997,,,-73.994456999999997,40.690043000000003,CASH,19.300000000000001,0.5,,0,0,19.800000000000001
CMT,2009-01-22 18:53:03,2009-01-22 18:55:35,1,0.5,-73.986157000000006,40.757235000000001,,,-73.991243999999995,40.750256999999998,Cash,4.7000000000000002,0,,0,0,4.7000000000000002
VTS,2009-01-25 16:08:00,2009-01-25 16:07:00,1,1.7,-73.965675000000005,40.774278000000002,,,-73.981170000000006,40.752924999999998,Credit,6.5,0,,2,0,8.5
VTS,2009-01-25 00:25:00,2009-01-25 00:29:00,1,0.69999999999999996,-73.982682999999994,40.758004999999997,,,-73.991874999999993,40.763702000000002,Credit,4.9000000000000004,0.5,,0,0,5.4000000000000004
CMT,2009-01-24 14:56:50,2009-01-24 15:06:32,1,2.3999999999999999,-73.979775000000004,40.758825999999999,,,-74.002314999999996,40.733175000000003,Credit,8.0999999999999996,0,,1.6200000000000001,0,9.7199999999999989
CMT,2009-01-18 18:46:26,2009-01-18 19:05:29,2,4.0999999999999996,-73.985140000000001,40.779114999999997,,,-73.987853000000001,40.733980000000003,Credit,13.300000000000001,0,,1.99,0,15.289999999999999
VTS,2009-01-24 23:34:00,2009-01-24 23:49:00,1,4.0999999999999996,-74.005021999999997,40.740918000000001,,,-73.979129999999998,40.789546999999999,CASH,13.300000000000001,0.5,,0,0,13.800000000000001
VTS,2009-01-24 18:44:00,2009-01-24 19:04:00,2,2.5800000000000001,-73.996662000000001,40.763472999999998,,,-73.997692999999998,40.736178000000002,Credit,10.5,0,,2,0,12.5
VTS,2009-01-25 10:51:00,2009-01-25 11:07:00,4,3.7400000000000002,-73.985911999999999,40.758760000000002,,,-73.998026999999993,40.717803000000004,CASH,12.1,0,,0,0,12.1
VTS,2009-01-25 14:03:00,2009-01-25 14:13:00,2,1.02,-73.983958000000001,40.766382999999998,,,-73.972809999999996,40.760404999999999,CASH,6.9000000000000004,0,,0,0,6.9000000000000004
VTS,2009-01-24 23:37:00,2009-01-24 23:34:00,1,0.71999999999999997,-73.986033000000006,40.726640000000003,,,-73.982242999999997,40.735205000000001,Credit,4.9000000000000004,0.5,,2,0,7.4000000000000004
VTS,2009-01-25 18:06:00,2009-01-25 18:11:00,4,1.0600000000000001,-74.004208000000006,40.747557999999998,,,-74.004800000000003,40.734941999999997,CASH,4.9000000000000004,0,,0,0,4.9000000000000004
VTS,2009-01-25 18:10:00,2009-01-25 18:20:00,2,1.8899999999999999,-73.981795000000005,40.765450000000001,,,-74.00394,40.753985,CASH,7.2999999999999998,0,,0,0,7.2999999999999998
VTS,2009-01-24 19:33:00,2009-01-24 19:47:00,2,1.3400000000000001,-73.991245000000006,40.750647000000001,,,-73.986504999999994,40.760553000000002,CASH,8.5,0,,0,0,8.5
VTS,2009-01-25 17:23:00,2009-01-25 17:29:00,1,1.23,-73.957892999999999,40.816504999999999,,,-73.965706999999995,40.802081999999999,CASH,5.7000000000000002,0,,0,0,5.7000000000000002
VTS,2009-01-24 20:20:00,2009-01-24 20:29:00,3,3.3999999999999999,-73.987013000000005,40.747563,,,-73.951875000000001,40.781593000000001,CASH,10.5,0.5,,0,0,11
CMT,2009-01-25 18:41:33,2009-01-25 18:44:43,1,0.80000000000000004,-74.002090999999993,40.740349999999999,,,-73.991878999999997,40.744143000000001,Cash,4.0999999999999996,0,,0,0,4.0999999999999996
VTS,2009-01-25 21:42:00,2009-01-25 21:41:00,1,0.62,-73.957048,40.817698,,,-73.954943,40.823458000000002,CASH,4.5,0.5,,0,0,5
VTS,2009-01-25 19:35:00,2009-01-25 19:57:00,3,4.3799999999999999,-74.002847000000003,40.723582,,,-73.961691999999999,40.766947999999999,CASH,14.1,0,,0,0,14.1
CMT,2009-01-18 20:21:51,2009-01-18 20:43:57,2,5.0999999999999996,-73.979805999999996,40.758941,,,-74.016614000000004,40.711326,Credit,16.600000000000001,0,,1,0,17.600000000000001
VTS,2009-01-23 21:16:00,2009-01-23 21:27:00,1,2.04,-73.980621999999997,40.752087000000003,,,-73.998833000000005,40.734135000000002,CASH,8.0999999999999996,0.5,,0,0,8.5999999999999996
VTS,2009-01-24 17:44:00,2009-01-24 18:09:00,1,10.789999999999999,-73.885427000000007,40.773139999999998,,,-73.979237999999995,40.751764999999999,CASH,26.100000000000001,0,,0,5,31.100000000000001
VTS,2009-01-24 22:47:00,2009-01-24 22:53:00,1,1.75,-73.994523000000001,40.752502,,,-73.993307000000001,40.734147,CASH,7.2999999999999998,0.5,,0,0,7.7999999999999998
VTS,2009-01-26 06:58:00,2009-01-26 07:05:00,1,1.5900000000000001,-73.967671999999993,40.802956999999999,,,-73.956642000000002,40.788150000000002,CASH,6.9000000000000004,0,,0,0,6.9000000000000004
VTS,2009-01-25 16:35:00,2009-01-25 16:38:00,1,1.2,-73.991010000000003,40.719458000000003,,,-73.978256999999999,40.729081999999998,Credit,6.5,0,,1,0,7.5
VTS,2009-01-25 23:30:00,2009-01-25 23:36:00,1,1.1000000000000001,-73.995126999999997,40.728741999999997,,,-73.996701999999999,40.715178000000002,CASH,5.7000000000000002,0.5,,0,0,6.2000000000000002
VTS,2009-01-25 19:49:00,2009-01-25 20:22:00,1,19.210000000000001,-73.783422999999999,40.648646999999997,,,-74.00658,40.705803000000003,CASH,45,0,,0,0,45
VTS,2009-01-26 07:23:00,2009-01-26 07:32:00,1,1.8,0,0,,,0,0,CASH,7.2999999999999998,0,,0,0,7.2999999999999998
VTS,2009-01-26 07:20:00,2009-01-26 07:31:00,1,3.75,-74.009417999999997,40.712802000000003,,,-73.979179999999999,40.760998000000001,CASH,10.5,0,,0,0,10.5
VTS,2009-01-26 09:28:00,2009-01-26 09:29:00,1,1.4099999999999999,-73.994046999999995,40.752097999999997,,,-73.995035000000001,40.743893,Credit,6.9000000000000004,0,,2,0,8.9000000000000004
VTS,2009-01-25 18:58:00,2009-01-25 19:07:00,1,1.3999999999999999,-73.999960000000002,40.718147999999999,,,-74.007797999999994,40.706063,CASH,6.5,0,,0,0,6.5
VTS,2009-01-24 23:12:00,2009-01-24 23:30:00,1,11.66,-74.015254999999996,40.704765000000002,,,-74.072338000000002,40.592627999999998,CASH,26.100000000000001,0.5,,0,0,26.600000000000001
VTS,2009-01-25 12:09:00,2009-01-25 12:14:00,5,2.5800000000000001,-73.985572000000005,40.735776999999999,,,-73.962187999999998,40.767453000000003,Credit,8.0999999999999996,0,,1.5,0,9.5999999999999996
VTS,2009-01-23 15:31:00,2009-01-23 15:40:00,1,0.93000000000000005,-73.978167999999997,40.750318,,,-73.991951999999998,40.749372000000001,CASH,6.0999999999999996,0,,0,0,6.0999999999999996
CMT,2009-01-18 13:56:43,2009-01-18 14:09:09,1,3.2000000000000002,-73.972723000000002,40.780762000000003,,,-73.989013,40.744157999999999,Cash,10.5,0,,0,0,10.5
VTS,2009-01-22 17:58:00,2009-01-22 18:04:00,2,1.1599999999999999,-73.968845000000002,40.754517999999997,,,-73.979472999999999,40.739975000000001,CASH,5.2999999999999998,1,,0,0,6.2999999999999998
VTS,2009-01-23 08:58:00,2009-01-23 08:59:00,5,0.12,-73.981827999999993,40.73668,,,-73.983725000000007,40.737357000000003,CASH,2.5,0,,0,0,2.5
VTS,2009-01-22 22:46:00,2009-01-22 22:49:00,5,0.60999999999999999,-74.002397000000002,40.734381999999997,,,-73.99512,40.733215000000001,CASH,3.7000000000000002,0.5,,0,0,4.2000000000000002
VTS,2009-01-22 19:45:00,2009-01-22 19:50:00,3,0.93999999999999995,-73.961867999999996,40.767612,,,-73.958933000000002,40.774627000000002,CASH,4.9000000000000004,1,,0,0,5.9000000000000004
VTS,2009-01-22 20:02:00,2009-01-22 20:18:00,1,2.6299999999999999,-73.973834999999994,40.748286999999998,,,-73.982782999999998,40.773891999999996,CASH,10.5,0.5,,0,0,11
VTS,2009-01-22 23:48:00,2009-01-22 23:58:00,2,2.1800000000000002,-73.994675000000001,40.755983000000001,,,-73.967267000000007,40.764240000000001,CASH,8.0999999999999996,0.5,,0,0,8.5999999999999996
CMT,2009-01-18 08:14:44,2009-01-18 08:19:37,1,0.59999999999999998,-73.989597000000003,40.734295000000003,,,-73.993416999999994,40.728952999999997,Cash,4.5,0,,0,0,4.5
VTS,2009-01-23 07:29:00,2009-01-23 07:46:00,5,3.7799999999999998,-73.984537000000003,40.736702000000001,,,-73.946280000000002,40.773910000000001,CASH,11.699999999999999,0,,0,0,11.699999999999999
VTS,2009-01-22 22:00:00,2009-01-22 22:18:00,1,8,-73.872990000000001,40.774047000000003,,,-73.978897000000003,40.748462000000004,Credit,19.699999999999999,0.5,,0,4.1500000000000004,24.350000000000001
VTS,2009-01-23 18:20:00,2009-01-23 18:26:00,1,0.85999999999999999,-73.969404999999995,40.763648000000003,,,-73.977973000000006,40.753453,CASH,5.2999999999999998,1,,0,0,6.2999999999999998
VTS,2009-01-23 19:13:00,2009-01-23 19:22:00,1,2.02,-74.009702000000004,40.722912999999998,,,-74.003725000000003,40.746592,CASH,7.7000000000000002,1,,0,0,8.6999999999999993
VTS,2009-01-23 21:29:00,2009-01-23 21:38:00,1,1.8700000000000001,-73.972907000000006,40.757418000000001,,,-73.992187000000001,40.740972999999997,CASH,7.7000000000000002,0.5,,0,0,8.1999999999999993
VTS,2009-01-23 21:17:00,2009-01-23 21:29:00,2,2.8199999999999998,-73.982422999999997,40.768287999999998,,,-73.970740000000006,40.753422,Credit,11.300000000000001,0.5,,3,0,14.800000000000001
CMT,2009-01-18 11:56:50,2009-01-18 12:00:26,1,0.80000000000000004,-73.989420999999993,40.756706000000001,,,-73.983199999999997,40.766365999999998,Cash,4.5,0,,0,0,4.5
VTS,2009-01-23 23:58:00,2009-01-24 00:05:00,1,0.97999999999999998,-73.990207999999996,40.732168000000001,,,-73.997574999999998,40.741688000000003,CASH,5.7000000000000002,0.5,,0,0,6.2000000000000002
VTS,2009-01-24 00:14:00,2009-01-24 00:22:00,5,0.73999999999999999,-73.983485000000002,40.742247999999996,,,-73.993048000000002,40.747489999999999,Credit,5.2999999999999998,0.5,,2,0,7.7999999999999998
VTS,2009-01-23 22:02:00,2009-01-23 22:07:00,1,0.90000000000000002,-73.990915000000001,40.733777000000003,,,-74.001158000000004,40.729261999999999,CASH,4.5,0.5,,0,0,5
VTS,2009-01-23 21:20:00,2009-01-23 21:29:00,3,1.25,-73.999191999999994,40.720151999999999,,,-73.996414999999999,40.732574999999997,Credit,7.2999999999999998,0.5,,2,0,9.8000000000000007
CMT,2009-01-18 19:42:14,2009-01-18 19:50:17,1,1.7,-73.991044000000002,40.749074,,,-73.984916999999996,40.733525999999998,Cash,6.9000000000000004,0,,0,0,6.9000000000000004
VTS,2009-01-23 21:22:00,2009-01-23 21:35:00,1,1.1299999999999999,-73.983737000000005,40.725838000000003,,,-73.996641999999994,40.721176999999997,CASH,7.7000000000000002,0.5,,0,0,8.1999999999999993
CMT,2009-01-18 20:56:53,2009-01-18 21:17:23,1,3.1000000000000001,-73.985179000000002,40.727652999999997,,,-73.977395999999999,40.745325999999999,Cash,13,0,,0,0,13
VTS,2009-01-23 01:19:00,2009-01-23 01:23:00,3,1.5900000000000001,-73.946802000000005,40.797305000000001,,,-73.966403,40.798963000000001,CASH,5.7000000000000002,0.5,,0,0,6.2000000000000002
VTS,2009-01-23 17:23:00,2009-01-23 17:25:00,2,0.38,-73.963620000000006,40.774337000000003,,,-73.960018000000005,40.779125000000001,CASH,2.8999999999999999,1,,0,0,3.8999999999999999
VTS,2009-01-22 22:57:00,2009-01-22 23:19:00,1,5.0999999999999996,-73.982065000000006,40.778243000000003,,,-73.916596999999996,40.749152000000002,Credit,17.300000000000001,0.5,,3.5600000000000001,0,21.359999999999999
VTS,2009-01-24 10:53:00,2009-01-24 10:59:00,2,0.71999999999999997,-73.955562999999998,40.767184999999998,,,-73.957786999999996,40.772621999999998,CASH,4.9000000000000004,0,,0,0,4.9000000000000004
VTS,2009-01-23 19:57:00,2009-01-23 19:57:00,1,1.3500000000000001,-73.964421999999999,40.769925000000001,,,-73.970716999999993,40.783284999999999,Credit,5.7000000000000002,1,,1.25,0,7.9500000000000002
VTS,2009-01-23 23:07:00,2009-01-23 23:20:00,5,1.8300000000000001,-73.980131999999998,40.726978000000003,,,-74.006017,40.735717000000001,CASH,8.5,0.5,,0,0,9
VTS,2009-01-23 21:54:00,2009-01-23 22:03:00,2,1.6699999999999999,-73.980734999999996,40.764918000000002,,,-74.002803,40.760530000000003,CASH,6.9000000000000004,0.5,,0,0,7.4000000000000004
VTS,2009-01-23 16:50:00,2009-01-23 16:55:00,5,1.1000000000000001,0,0,,,0,0,CASH,5.2999999999999998,1,,0,0,6.2999999999999998
CMT,2009-01-18 20:32:13,2009-01-18 20:37:35,1,1.1000000000000001,-73.993673000000001,40.736159000000001,,,-73.999746999999999,40.747591,Cash,5.7999999999999998,0,,0,0,5.7999999999999998
VTS,2009-01-24 03:52:00,2009-01-24 04:19:00,5,5.3799999999999999,-73.997753000000003,40.741396999999999,,,-73.973538000000005,40.797063000000001,CASH,18.5,0.5,,0,0,19
CMT,2009-01-18 18:50:36,2009-01-18 19:02:09,1,2.2000000000000002,-73.965605999999994,40.803826000000001,,,-73.978791000000001,40.777293,Cash,8.9000000000000004,0,,0,0,8.9000000000000004
VTS,2009-01-12 18:11:00,2009-01-12 18:22:00,1,1.9399999999999999,-74.008572000000001,40.720059999999997,,,-73.993129999999994,40.733606999999999,CASH,8.0999999999999996,1,,0,0,9.0999999999999996
VTS,2009-01-24 12:15:00,2009-01-24 12:35:00,5,4.1100000000000003,-73.994775000000004,40.750698,,,-73.947401999999997,40.772092000000001,CASH,13.300000000000001,0,,0,0,13.300000000000001
VTS,2009-01-23 21:56:00,2009-01-23 21:58:00,1,0.28000000000000003,-74.006469999999993,40.732353000000003,,,-74.006862999999996,40.735661999999998,CASH,3.2999999999999998,0.5,,0,0,3.7999999999999998
CMT,2009-01-18 20:09:31,2009-01-18 20:18:28,1,2.3999999999999999,-73.967927000000003,40.759577999999998,,,-73.977262999999994,40.784706999999997,Cash,8.5999999999999996,0,,0,0,8.5999999999999996
VTS,2009-01-24 03:43:00,2009-01-24 04:02:00,1,5.1200000000000001,-73.972932999999998,40.753635000000003,,,-73.913075000000006,40.779978,CASH,14.1,0.5,,0,0,14.6
VTS,2009-01-12 21:27:00,2009-01-12 21:27:00,1,0.77000000000000002,-74.005781999999996,40.737278000000003,,,-73.995712999999995,40.741861999999998,Credit,3.7000000000000002,0.5,,1,0,5.2000000000000002
CMT,2009-01-18 21:40:57,2009-01-18 21:50:47,1,2.3999999999999999,-73.980536999999998,40.742432000000001,,,-73.956682999999998,40.770898000000003,Cash,8.5999999999999996,0,,0,0,8.5999999999999996
VTS,2009-01-24 09:28:00,2009-01-24 09:49:00,1,7,-73.967551999999998,40.771706999999999,,,-74.007926999999995,40.706947999999997,CASH,19.300000000000001,0,,0,0,19.300000000000001
CMT,2009-01-18 05:24:11,2009-01-18 05:26:45,1,1.2,-73.974891,40.782930999999998,,,-73.987134999999995,40.770178000000001,Cash,5.4000000000000004,0,,0,0,5.4000000000000004
VTS,2009-01-24 09:39:00,2009-01-24 09:55:00,5,8.9199999999999999,-73.989206999999993,40.775792000000003,,,-73.917401999999996,40.87236,CASH,20.899999999999999,0,,0,0,20.899999999999999
VTS,2009-01-23 13:05:00,2009-01-23 13:24:00,1,7.4299999999999997,-73.776544999999999,40.645271999999999,,,-73.797669999999997,40.706273000000003,CASH,19.300000000000001,0,,0,0,19.300000000000001
VTS,2009-01-24 09:50:00,2009-01-24 10:02:00,1,1.28,-73.997637999999995,40.765281999999999,,,-73.982996999999997,40.766976999999997,CASH,6.9000000000000004,0,,0,0,6.9000000000000004
VTS,2009-01-23 02:35:00,2009-01-23 02:48:00,5,1.98,-74.006857999999994,40.739868000000001,,,-74.002572999999998,40.718733,CASH,8.5,0.5,,0,0,9
VTS,2009-01-24 12:20:00,2009-01-24 12:32:00,3,2.0499999999999998,-73.982716999999994,40.775877000000001,,,-73.970637999999994,40.796557,CASH,8.5,0,,0,0,8.5
VTS,2009-01-24 15:34:00,2009-01-24 15:42:00,1,0.79000000000000004,-73.984397000000001,40.747605,,,-73.996662999999998,40.751007999999999,CASH,6.0999999999999996,0,,0,0,6.0999999999999996
VTS,2009-01-24 13:13:00,2009-01-24 13:21:00,5,2.73,-73.962036999999995,40.776336999999998,,,-73.984018000000006,40.782698000000003,CASH,10.9,0,,0,0,10.9
VTS,2009-01-23 22:47:00,2009-01-23 22:53:00,1,1.0900000000000001,-73.987917999999993,40.735284999999998,,,-73.999617000000001,40.728389999999997,CASH,5.7000000000000002,0.5,,0,0,6.2000000000000002
VTS,2009-01-24 15:38:00,2009-01-24 15:42:00,1,0.66000000000000003,-73.963324999999998,40.774684999999998,,,-73.967607999999998,40.769305000000003,CASH,4.0999999999999996,0,,0,0,4.0999999999999996
VTS,2009-01-24 11:14:00,2009-01-24 11:12:00,5,1.0900000000000001,-73.992728,40.758477999999997,,,-74.000715,40.747,CASH,4.5,0,,0,0,4.5
VTS,2009-01-24 08:43:00,2009-01-24 08:47:00,6,0.66000000000000003,-74.000555000000006,40.742522000000001,,,-73.991142999999994,40.738667999999997,CASH,4.5,0,,0,0,4.5
CMT,2009-01-18 22:48:13,2009-01-18 23:11:28,1,5.3000000000000007,-73.994827000000001,40.750194,,,-73.922417999999993,40.762931999999999,Credit,16.600000000000001,0,,3.3199999999999998,0,19.920000000000002
VTS,2009-01-24 15:26:00,2009-01-24 15:36:00,1,1.72,-73.977692000000005,40.763446999999999,,,-73.991438000000002,40.749941999999997,CASH,7.2999999999999998,0,,0,0,7.2999999999999998
VTS,2009-01-24 11:02:00,2009-01-24 11:16:00,5,5.25,-73.994905000000003,40.689096999999997,,,-73.995720000000006,40.744025000000001,Credit,15.699999999999999,0,,5,0,20.699999999999999
VTS,2009-01-23 17:03:00,2009-01-23 17:04:00,1,0.47999999999999998,-74.001909999999995,40.710070000000002,,,-73.995971999999995,40.705257000000003,CASH,3.2999999999999998,1,,0,0,4.2999999999999998
VTS,2009-01-24 13:20:00,2009-01-24 13:30:00,1,1.4199999999999999,-73.995018000000002,40.739936999999998,,,-73.992339999999999,40.724694999999997,CASH,6.9000000000000004,0,,0,0,6.9000000000000004
VTS,2009-01-24 01:05:00,2009-01-24 01:09:00,1,1.25,-73.972562999999994,40.753033000000002,,,-73.982697000000002,40.744633,Credit,5.7000000000000002,0.5,,2,0,8.1999999999999993
DDS,2009-01-20 16:03:54,2009-01-20 16:15:20,2,2.2000000000000002,-73.959176999999997,40.783150999999997,,,-73.982202000000001,40.768262999999997,CASH,8.5,1,,0,0,9.5
VTS,2009-01-24 01:46:00,2009-01-24 01:53:00,5,0.81000000000000005,-73.977890000000002,40.725428000000001,,,-73.987435000000005,40.720047999999998,CASH,5.7000000000000002,0.5,,0,0,6.2000000000000002
VTS,2009-01-24 01:01:00,2009-01-24 01:14:00,5,2.5,-73.988992999999994,40.716805000000001,,,-73.980748000000006,40.744729999999997,CASH,9.3000000000000007,0.5,,0,0,9.8000000000000007
VTS,2009-01-24 10:20:00,2009-01-24 10:25:00,2,0.95999999999999996,-73.995001999999999,40.748683,,,-74.000874999999994,40.757432000000001,CASH,4.9000000000000004,0,,0,0,4.9000000000000004
CMT,2009-01-18 23:13:03,2009-01-18 23:24:52,1,3,-73.947166999999993,40.776121000000003,,,-73.985168000000002,40.764080999999997,Cash,10.199999999999999,0,,0,0,10.199999999999999
DDS,2009-01-24 21:43:05,2009-01-24 21:51:37,1,1.6000000000000001,-73.977795999999998,40.763384000000002,,,-73.990208999999993,40.756334000000003,CASH,6.9000000000000004,0.5,,0,0,7.4000000000000004
VTS,2009-01-24 14:28:00,2009-01-24 14:36:00,1,0.95999999999999996,-73.999233000000004,40.744746999999997,,,-74.003397000000007,40.751482000000003,Credit,4.9000000000000004,0,,2,0,6.9000000000000004
VTS,2009-01-24 14:00:00,2009-01-24 14:09:00,1,0.81999999999999995,0,0,,,0,0,CASH,6.0999999999999996,0,,0,0,6.0999999999999996
VTS,2009-01-24 02:41:00,2009-01-24 02:53:00,1,6.4400000000000004,-74.001892999999995,40.750937999999998,,,-73.912892999999997,40.748708000000001,Credit,16.5,0.5,,2,0,19
VTS,2009-01-24 14:40:00,2009-01-24 14:58:00,1,3.6699999999999999,-73.976920000000007,40.751756999999998,,,-73.965581999999998,40.793031999999997,CASH,12.1,0,,0,0,12.1
DDS,2009-01-19 16:04:41,2009-01-19 16:34:12,1,4.7000000000000002,-73.995988999999994,40.749195,,,-73.951927999999995,40.775509999999997,CASH,15.699999999999999,0,,0,0,15.699999999999999
VTS,2009-01-24 15:20:00,2009-01-24 15:35:00,1,2.4399999999999999,-73.993290000000002,40.724454999999999,,,-74.014922999999996,40.709857,Credit,9.6999999999999993,0,,1.5,0,11.199999999999999
VTS,2009-01-24 14:57:00,2009-01-24 15:14:00,5,1.76,-73.976685000000003,40.758887999999999,,,-73.962485000000001,40.758837999999997,CASH,8.9000000000000004,0,,0,0,8.9000000000000004
VTS,2009-01-23 18:31:00,2009-01-23 18:49:00,1,2.73,-73.985900000000001,40.759495000000001,,,-73.994429999999994,40.731332000000002,CASH,10.9,1,,0,0,11.9
DDS,2009-01-20 05:07:42,2009-01-20 05:24:01,1,8.4000000000000004,-73.954059999999998,40.787080000000003,,,-73.861650999999995,40.768298999999999,CASH,20.5,0.5,,0,4.1500000000000004,25.149999999999999
DDS,2009-01-21 09:35:15,2009-01-21 09:37:20,1,0.20000000000000001,-73.986442999999994,40.759886000000002,,,-73.989592999999999,40.761445999999999,CASH,2.8999999999999999,0,,0,0,2.8999999999999999
VTS,2009-01-24 11:16:00,2009-01-24 11:16:00,1,0,-74.001717999999997,40.756399999999999,,,-74.001717999999997,40.756405000000001,CASH,2.5,0,,0,0,2.5
DDS,2009-01-18 13:55:37,2009-01-18 14:00:13,1,1.3999999999999999,-73.964056999999997,40.773285999999999,,,-73.953183999999993,40.791080000000001,CASH,5.2999999999999998,0,,0,0,5.2999999999999998
VTS,2009-01-23 23:21:00,2009-01-23 23:21:00,1,0.67000000000000004,-74.004414999999995,40.737907,,,-74.006394999999998,40.744501999999997,CASH,4.5,0.5,,0,0,5
VTS,2009-01-23 22:34:00,2009-01-23 22:50:00,1,3.8300000000000001,-73.989868000000001,40.755395,,,-73.946460000000002,40.780679999999997,CASH,11.699999999999999,0.5,,0,0,12.199999999999999
CMT,2009-01-18 16:49:45,2009-01-18 16:56:34,2,0.89999999999999991,-73.996555999999998,40.753241000000003,,,-74.005295000000004,40.740580999999999,Cash,6.0999999999999996,0,,0,0,6.0999999999999996
VTS,2009-01-23 22:48:00,2009-01-23 23:07:00,5,5.3499999999999996,-73.998497999999998,40.719582000000003,,,-73.954492999999999,40.76726,CASH,16.5,0.5,,0,0,17
VTS,2009-01-24 17:33:00,2009-01-24 17:53:00,1,3.0699999999999998,-73.977019999999996,40.759377999999998,,,-73.976151999999999,40.733221999999998,CASH,10.9,0,,0,0,10.9
VTS,2009-01-24 00:00:00,2009-01-24 23:55:00,2,1.26,-73.986220000000003,40.736964999999998,,,-74.006585000000001,40.743969999999997,CASH,6.0999999999999996,0.5,,0,0,6.5999999999999996
VTS,2009-01-23 08:56:00,2009-01-23 09:00:00,1,0.76000000000000001,-74.007068000000004,40.704222999999999,,,-74.012317999999993,40.703437999999998,CASH,4.5,0,,0,0,4.5
VTS,2009-01-24 02:28:00,2009-01-24 02:38:00,5,5.5800000000000001,-74.005662999999998,40.726283000000002,,,-73.950722999999996,40.782477,Credit,14.5,0.5,,1,0,16
CMT,2009-01-18 14:48:18,2009-01-18 15:04:36,1,3.399999999999999,-73.954318999999998,40.781415000000003,,,-73.991140999999999,40.750512000000001,Cash,11.699999999999999,0,,0,0,11.699999999999999
VTS,2009-01-22 22:50:00,2009-01-22 22:58:00,2,1.8,-73.980502999999999,40.743067000000003,,,-73.989559999999997,40.723325000000003,CASH,7.2999999999999998,0.5,,0,0,7.7999999999999998
VTS,2009-01-14 11:19:00,2009-01-14 11:31:00,5,1.4199999999999999,-73.984735000000001,40.759762000000002,,,-73.965603000000002,40.762650000000001,CASH,7.7000000000000002,0,,0,0,7.7000000000000002
VTS,2009-01-11 12:52:00,2009-01-11 12:52:00,1,1.48,-73.956676999999999,40.77487,,,-73.952853000000005,40.791620000000002,Credit,5.7000000000000002,0,,1,0,6.7000000000000002
VTS,2009-01-14 09:21:00,2009-01-14 09:31:00,1,1.1100000000000001,-73.968142,40.768504999999998,,,-73.979095000000001,40.756191999999999,CASH,6.9000000000000004,0,,0,0,6.9000000000000004
VTS,2009-01-14 15:29:00,2009-01-14 15:38:00,1,1.21,-73.957103000000004,40.766207999999999,,,-73.953261999999995,40.779887000000002,CASH,6.5,0,,0,0,6.5
VTS,2009-01-14 09:45:00,2009-01-14 09:58:00,5,2.2999999999999998,0,0,,,0,0,CASH,8.9000000000000004,0,,0,0,8.9000000000000004
VTS,2009-01-11 16:19:00,2009-01-11 16:25:00,2,1.28,-73.969842,40.799787000000002,,,-73.982055000000003,40.784863000000001,CASH,6.0999999999999996,0,,0,0,6.0999999999999996
VTS,2009-01-14 08:38:00,2009-01-14 08:58:00,1,6.0899999999999999,-73.953766999999999,40.779077000000001,,,-73.987427999999994,40.712972000000001,Credit,17.300000000000001,0,,2.7000000000000002,0,20
VTS,2009-01-14 13:02:00,2009-01-14 13:05:00,1,0.46000000000000008,0,0,,,0,0,CASH,3.7000000000000002,0,,0,0,3.7000000000000002
VTS,2009-01-21 22:46:00,2009-01-21 23:00:00,1,4.54,0,0,,,0,0,CASH,12.9,0.5,,0,0,13.4
VTS,2009-01-22 12:09:00,2009-01-22 12:21:00,5,1.4299999999999999,-73.972750000000005,40.751440000000002,,,-73.991529999999997,40.750762000000002,Credit,8.5,0,,3,0,11.5
VTS,2009-01-14 09:21:00,2009-01-14 09:37:00,5,1.0900000000000001,-73.967242999999996,40.763665000000003,,,-73.974940000000004,40.757294999999999,CASH,8.9000000000000004,0,,0,0,8.9000000000000004
VTS,2009-01-21 23:21:00,2009-01-21 23:48:00,3,5.3600000000000003,-73.967145000000002,40.756582999999999,,,-73.905632999999995,40.775975000000003,Credit,18.100000000000001,0.5,,2,0,20.600000000000001
VTS,2009-01-14 13:54:00,2009-01-14 13:58:00,2,0.58999999999999997,-73.958477999999999,40.765391999999999,,,-73.952522000000002,40.772534999999998,CASH,4.0999999999999996,0,,0,0,4.0999999999999996
CMT,2009-01-18 04:41:49,2009-01-18 04:54:44,1,4,-73.996426999999997,40.732135999999997,,,-73.955669,40.764167999999998,Cash,12.6,0,,0,0,12.6
CMT,2009-01-18 03:51:50,2009-01-18 04:01:31,1,1,-73.989947999999998,40.729443000000003,,,-73.993288000000007,40.722549000000001,Credit,7.4000000000000004,0,,2.0800000000000001,0,9.4800000000000004
VTS,2009-01-22 17:45:00,2009-01-22 17:47:00,5,0.60999999999999999,-73.971975,40.786642999999998,,,-73.977607000000006,40.778945,CASH,3.7000000000000002,1,,0,0,4.7000000000000002
VTS,2009-01-22 11:51:00,2009-01-22 12:03:00,1,1.77,-73.971463,40.746271999999998,,,-73.972767000000005,40.764949999999999,CASH,8.0999999999999996,0,,0,0,8.0999999999999996
VTS,2009-01-22 12:02:00,2009-01-22 12:08:00,1,1.27,-73.985067000000001,40.727975000000001,,,-73.973875000000007,40.743684999999999,CASH,5.7000000000000002,0,,0,0,5.7000000000000002
VTS,2009-01-21 17:35:00,2009-01-21 17:39:00,1,1.45,-73.970498000000006,40.764650000000003,,,-73.986748000000006,40.776538000000002,CASH,6.5,1,,0,0,7.5
VTS,2009-01-12 15:09:00,2009-01-12 15:26:00,1,4.7699999999999996,-73.974577999999994,40.766182999999998,,,-74.015383,40.711464999999997,CASH,13.300000000000001,0,,0,0,13.300000000000001
CMT,2009-01-23 00:22:04,2009-01-23 00:32:15,1,1.6000000000000001,-73.988839999999996,40.722259000000001,,,-73.988894999999999,40.736764000000001,Credit,7.7999999999999998,0,,1.95,0,9.75
VTS,2009-01-22 18:17:00,2009-01-22 18:23:00,1,0.91000000000000003,-73.990257,40.766748,,,-73.985792000000004,40.776735000000002,Credit,4.5,1,,1,0,6.5
VTS,2009-01-21 18:45:00,2009-01-21 18:45:00,3,0.48999999999999999,-73.950787000000005,40.785767999999997,,,-73.956142999999997,40.784531999999999,Credit,4.0999999999999996,1,,2,0,7.0999999999999996
CMT,2009-01-18 00:36:47,2009-01-18 01:08:02,2,9.0999999999999996,-74.008415999999997,40.713580999999998,,,-73.947074000000001,40.764878000000003,Cash,25.800000000000001,0,,0,0,25.800000000000001
VTS,2009-01-21 19:52:00,2009-01-21 20:03:00,1,1.6499999999999999,-74.002207999999996,40.740299999999998,,,-73.983142000000001,40.748629999999999,CASH,7.7000000000000002,1,,0,0,8.6999999999999993
DDS,2009-01-23 10:12:13,2009-01-23 10:23:44,1,1.2,-73.981775999999996,40.728351000000004,,,-73.995231000000004,40.723148999999999,CREDIT,6.9000000000000004,0,,0,0,6.9000000000000004
VTS,2009-01-12 15:49:00,2009-01-12 16:00:00,2,4.3899999999999997,-73.986897999999997,40.721133000000002,,,-74.016180000000006,40.708793,CASH,12.1,0,,0,0,12.1
VTS,2009-01-11 17:28:00,2009-01-11 17:35:00,3,1.1599999999999999,-73.999142000000006,40.72813,,,-73.981637000000006,40.722940000000001,CASH,5.7000000000000002,0,,0,0,5.7000000000000002
VTS,2009-01-22 18:38:00,2009-01-22 19:13:00,1,11.140000000000001,-74.006204999999994,40.723427999999998,,,-73.864829999999998,40.770412999999998,Credit,27.300000000000001,1,,5.6600000000000001,0,33.960000000000001
VTS,2009-01-21 19:00:00,2009-01-21 19:09:00,1,1.6699999999999999,-73.954391999999999,40.774163000000001,,,-73.969747999999996,40.753152999999998,CASH,7.2999999999999998,1,,0,0,8.3000000000000007
VTS,2009-01-22 18:05:00,2009-01-22 18:19:00,5,2.02,-73.993722000000005,40.741509999999998,,,-73.975562999999994,40.761682999999998,CASH,8.9000000000000004,1,,0,0,9.9000000000000004
DDS,2009-01-20 06:06:33,2009-01-20 06:14:03,1,2.3999999999999999,-73.941552999999999,40.749212999999997,,,-73.971755999999999,40.757069999999999,CASH,8.0999999999999996,0,,0,0,8.0999999999999996
VTS,2009-01-22 20:10:00,2009-01-22 20:23:00,5,2.29,-73.951823000000005,40.781350000000003,,,-73.97833,40.778232000000003,Credit,8.5,0.5,,1,0,10
VTS,2009-01-21 21:19:00,2009-01-21 21:27:00,5,1.5800000000000001,-73.998717999999997,40.76088,,,-73.993678000000003,40.744593000000002,CASH,6.5,0.5,,0,0,7
VTS,2009-01-22 16:51:00,2009-01-22 17:06:00,3,2.8900000000000001,-73.954521999999997,40.764028000000003,,,-73.982432000000003,40.735914999999999,CASH,11.699999999999999,1,,0,0,12.699999999999999
VTS,2009-01-21 16:55:00,2009-01-21 17:07:00,1,3.1499999999999999,-74.010198000000003,40.719842999999997,,,-73.996471999999997,40.75309,CASH,10.1,1,,0,0,11.1
VTS,2009-01-22 00:25:00,2009-01-22 00:38:00,2,2.96,-73.977057000000002,40.732472000000001,,,-73.961027000000001,40.763979999999997,CASH,10.1,0.5,,0,0,10.6
VTS,2009-01-22 17:56:00,2009-01-22 18:02:00,1,1.5,-73.950194999999994,40.777222999999999,,,-73.972605000000001,40.784174999999998,CASH,7.2999999999999998,1,,0,0,8.3000000000000007
VTS,2009-01-22 18:27:00,2009-01-22 18:46:00,1,3.7200000000000002,-73.999454999999998,40.717706999999997,,,-73.995206999999994,40.759987000000002,CASH,12.9,1,,0,0,13.9
VTS,2009-01-22 17:12:00,2009-01-22 17:20:00,1,0.55000000000000004,-73.968897999999996,40.767364999999998,,,-73.971033000000006,40.760911999999998,CASH,5.7000000000000002,1,,0,0,6.7000000000000002
VTS,2009-01-22 19:03:00,2009-01-22 19:12:00,5,2.7599999999999998,-73.964132000000006,40.755457,,,-73.991551999999999,40.727221999999998,CASH,8.9000000000000004,1,,0,0,9.9000000000000004
VTS,2009-01-22 18:05:00,2009-01-22 18:10:00,1,0.90000000000000002,-73.988744999999994,40.723087,,,-73.986649999999997,40.733241999999997,CASH,4.9000000000000004,1,,0,0,5.9000000000000004
DDS,2009-01-21 15:07:56,2009-01-21 15:18:18,1,0.90000000000000002,-73.951359999999994,40.770164000000001,,,-73.962067000000005,40.768692999999999,CASH,6.9000000000000004,0,,0,0,6.9000000000000004
VTS,2009-01-12 14:16:00,2009-01-12 14:32:00,6,2.5,-73.956762999999995,40.762715,,,-73.985342000000003,40.747585000000001,CASH,10.9,0,,0,0,10.9
VTS,2009-01-22 18:37:00,2009-01-22 18:54:00,5,1.6899999999999999,-73.851252000000002,40.763739999999999,,,-73.850277000000006,40.768487999999998,CASH,9.6999999999999993,1,,0,0,10.699999999999999
VTS,2009-01-23 13:36:00,2009-01-23 13:45:00,1,2.0299999999999998,-73.988654999999994,40.778502000000003,,,-73.965941999999998,40.790267999999998,CASH,7.7000000000000002,0,,0,0,7.7000000000000002
VTS,2009-01-23 13:50:00,2009-01-23 13:55:00,2,1.22,-73.966103000000004,40.789816999999999,,,-73.953550000000007,40.790984999999999,CASH,5.2999999999999998,0,,0,0,5.2999999999999998
VTS,2009-01-22 23:43:00,2009-01-22 23:54:00,2,2.2599999999999998,-74.002697999999995,40.733559999999997,,,-74.007022000000006,40.708640000000003,Credit,8.9000000000000004,0.5,,1,0,10.4
CMT,2009-01-18 02:24:30,2009-01-18 02:37:48,1,3.5,-73.985630999999998,40.727103999999997,,,-73.982439999999997,40.764822000000002,Cash,11.4,0,,0,0,11.4
DDS,2009-01-24 22:53:57,2009-01-24 23:08:48,1,2.2000000000000002,-74.008260000000007,40.705945999999997,,,-73.981538999999998,40.724637999999999,CREDIT,9.3000000000000007,0.5,,1.95,0,11.75
DDS,2009-01-23 17:30:18,2009-01-23 17:52:28,1,3.8999999999999999,-73.957731999999993,40.71461,,,-74.015106000000003,40.709408000000003,CREDIT,13.699999999999999,1,,4.4000000000000004,0,19.100000000000001
VTS,2009-01-23 13:56:00,2009-01-23 14:07:00,1,1.75,-73.947761999999997,40.771135000000001,,,-73.968978000000007,40.766983000000003,CASH,8.0999999999999996,0,,0,0,8.0999999999999996
VTS,2009-01-23 06:59:00,2009-01-23 07:04:00,1,0.97999999999999998,-73.989869999999996,40.735309999999998,,,-73.977418,40.739203000000003,CASH,4.9000000000000004,0,,0,0,4.9000000000000004
VTS,2009-01-23 09:17:00,2009-01-23 09:24:00,5,1.7,-73.950760000000002,40.770940000000003,,,-73.964879999999994,40.752589999999998,CASH,6.9000000000000004,0,,0,0,6.9000000000000004
DDS,2009-01-22 13:39:58,2009-01-22 14:06:53,1,3.2999999999999998,-73.979714999999999,40.760801000000001,,,-73.985211000000007,40.72383,CASH,14.5,0,,0,0,14.5
CMT,2009-01-18 10:11:30,2009-01-18 10:13:49,1,0.5,-73.977930000000001,40.778768999999997,,,-73.982258000000002,40.772801999999999,Cash,3.7000000000000002,0,,0,0,3.7000000000000002
DDS,2009-01-20 20:05:18,2009-01-20 20:13:22,1,1.2,-73.966448999999997,40.799278000000001,,,-73.948279999999997,40.801465999999998,CREDIT,6.0999999999999996,0.5,,1,0,7.5999999999999996
DDS,2009-01-24 17:09:08,2009-01-24 17:09:08,1,0.90000000000000002,-73.137393000000003,41.366137999999999,,,-73.954320999999993,40.766145999999999,CASH,4.9000000000000004,0,,0,0,4.9000000000000004
VTS,2009-01-23 13:38:00,2009-01-23 14:05:00,1,20.34,-73.938462999999999,40.839284999999997,,,-73.789846999999995,40.643174999999999,Credit,45,0,,5,4.1500000000000004,54.149999999999999
CMT,2009-01-18 11:58:21,2009-01-18 12:06:35,4,1.7,-73.988225999999997,40.737606,,,-73.977391999999995,40.757635999999998,Credit,7.2999999999999998,0,,1.46,0,8.7599999999999998
VTS,2009-01-23 07:57:00,2009-01-23 08:04:00,1,1.55,-74.001878000000005,40.730516999999999,,,-73.985275000000001,40.744804999999999,CASH,6.0999999999999996,0,,0,0,6.0999999999999996
DDS,2009-01-24 10:52:28,2009-01-24 11:01:29,1,2.2999999999999998,-73.976754,40.765787000000003,,,-73.956382000000005,40.772514000000001,CREDIT,7.7000000000000002,0,,1.3,0,9
VTS,2009-01-22 23:23:00,2009-01-22 23:27:00,5,1.8300000000000001,-73.958402000000007,40.713213000000003,,,-73.988138000000006,40.718677,CASH,6.0999999999999996,0.5,,0,0,6.5999999999999996
DDS,2009-01-20 08:55:46,2009-01-20 08:59:37,1,0.5,-73.963606999999996,40.765822999999997,,,-73.956524000000002,40.769429000000002,CASH,4.0999999999999996,0,,0,0,4.0999999999999996
VTS,2009-01-23 10:45:00,2009-01-23 10:52:00,5,0.67000000000000004,-73.964297000000002,40.766987999999998,,,-73.961641999999998,40.774681999999999,CASH,5.2999999999999998,0,,0,0,5.2999999999999998
VTS,2009-01-23 08:38:00,2009-01-23 08:54:00,1,2.7599999999999998,-73.959187,40.704507999999997,,,-73.902955000000006,40.753422999999998,CASH,10.5,0,,0,0,10.5
VTS,2009-01-23 07:32:00,2009-01-23 07:50:00,1,8.7400000000000002,-73.966075000000004,40.7898,,,-74.011667000000003,40.701787000000003,Credit,22.5,0,,2,0,24.5
DDS,2009-01-21 18:43:16,2009-01-21 18:53:07,2,0.80000000000000004,-73.984026,40.721677999999997,,,-73.995326000000006,40.727238999999997,CASH,6.5,1,,0,0,7.5
VTS,2009-01-23 11:43:00,2009-01-23 11:43:00,1,1.1200000000000001,-73.981628000000001,40.763005,,,-73.9726,40.752805000000002,Credit,6.0999999999999996,0,,2,0,8.0999999999999996
VTS,2009-01-12 16:24:00,2009-01-12 16:29:00,2,0.98999999999999999,-73.976892000000007,40.752758,,,-73.98527,40.761187,CASH,4.9000000000000004,1,,0,0,5.9000000000000004
VTS,2009-01-23 11:31:00,2009-01-23 12:08:00,3,4.3099999999999996,-74.008668,40.719937999999999,,,-73.977708000000007,40.763064999999997,CASH,19.300000000000001,0,,0,0,19.300000000000001
VTS,2009-01-23 13:01:00,2009-01-23 13:27:00,1,3.71,-73.968694999999997,40.765103000000003,,,-74.000127000000006,40.719014999999999,CASH,15.699999999999999,0,,0,0,15.699999999999999
VTS,2009-01-23 12:34:00,2009-01-23 12:48:00,1,1.4299999999999999,-74.003491999999994,40.766727000000003,,,-73.981596999999994,40.767600000000002,CASH,8.0999999999999996,0,,0,0,8.0999999999999996
CMT,2009-01-18 07:52:49,2009-01-18 07:59:54,1,1.3999999999999999,-73.976493000000005,40.752735999999999,,,-74.000731000000002,40.758138000000002,Cash,6.0999999999999996,0,,0,0,6.0999999999999996
VTS,2009-01-23 14:20:00,2009-01-23 15:03:00,1,22.969999999999999,-73.969217,40.750867,,,-74.178013000000007,40.689953000000003,CASH,67.5,0,,0,10.9,78.400000000000006
VTS,2009-01-22 20:06:00,2009-01-22 20:11:00,2,0.66000000000000003,-73.982972000000004,40.764237000000001,,,-73.986554999999996,40.769840000000002,CASH,4.5,0.5,,0,0,5
VTS,2009-01-23 15:05:00,2009-01-23 15:14:00,2,1.48,-73.958742000000001,40.783853000000001,,,-73.970372999999995,40.765515000000001,CASH,6.9000000000000004,0,,0,0,6.9000000000000004
VTS,2009-01-23 13:29:00,2009-01-23 13:36:00,1,1.1899999999999999,-73.980452999999997,40.749025000000003,,,-73.969724999999997,40.762853,CASH,5.7000000000000002,0,,0,0,5.7000000000000002
VTS,2009-01-22 19:40:00,2009-01-22 19:48:00,2,1.54,-73.968097,40.801152000000002,,,-73.983107000000004,40.784595000000003,CASH,6.9000000000000004,1,,0,0,7.9000000000000004
VTS,2009-01-23 13:08:00,2009-01-23 13:27:00,1,2.9100000000000001,-73.958613,40.772063000000003,,,-73.990639999999999,40.751733000000002,CASH,12.1,0,,0,0,12.1
VTS,2009-01-23 10:35:00,2009-01-23 10:43:00,2,1.22,-73.986283,40.761234999999999,,,-73.972776999999994,40.756999999999998,CASH,6.0999999999999996,0,,0,0,6.0999999999999996
VTS,2009-01-22 21:56:00,2009-01-22 22:02:00,2,1.74,-73.965878000000004,40.758875000000003,,,-73.981669999999994,40.736967999999997,Credit,6.5,0.5,,2,0,9
VTS,2009-01-23 01:13:00,2009-01-23 01:16:00,5,0.72999999999999998,-73.982097999999993,40.756476999999997,,,-73.985186999999996,40.747394999999997,CASH,4.5,0.5,,0,0,5
VTS,2009-01-23 01:09:00,2009-01-23 01:18:00,2,3.54,-73.989637000000002,40.719385000000003,,,-74.010384999999999,40.703327999999999,CASH,10.5,0.5,,0,0,11
CMT,2009-01-18 15:21:51,2009-01-18 15:28:34,1,3.2999999999999998,-73.971515999999994,40.795231999999999,,,-73.997247999999999,40.763787999999998,Cash,9.6999999999999993,0,,0,0,9.6999999999999993
VTS,2009-01-23 10:29:00,2009-01-23 10:36:00,5,2.04,-73.962777000000003,40.759039999999999,,,-73.952572000000004,40.782490000000003,CASH,8.5,0,,0,0,8.5
VTS,2009-01-22 22:48:00,2009-01-22 22:48:00,1,0.87,-73.976348000000002,40.780862999999997,,,-73.986767,40.775790000000001,Credit,5.2999999999999998,0.5,,1,0,6.7999999999999998
CMT,2009-01-18 14:08:16,2009-01-18 14:09:38,1,0.29999999999999999,-73.987646999999996,40.759942000000002,,,-73.985358000000005,40.763688000000002,Cash,2.8999999999999999,0,,0,0,2.8999999999999999
VTS,2009-01-22 17:35:00,2009-01-22 17:37:00,3,1.3,-74.008904999999999,40.711191999999997,,,-74.002387999999996,40.726402,Credit,6.5,1,,1.5,0,9
CMT,2009-01-18 13:15:41,2009-01-18 13:23:17,1,1.3999999999999999,-73.966162999999995,40.764826999999997,,,-73.976814000000005,40.747208999999998,Cash,6.5,0,,0,0,6.5
VTS,2009-01-23 17:59:00,2009-01-23 18:16:00,1,2.6800000000000002,-73.990342999999996,40.738453,,,-73.982398000000003,40.763942,Credit,11.300000000000001,1,,2,0,14.300000000000001
VTS,2009-01-22 17:00:00,2009-01-22 17:07:00,2,1.1299999999999999,0,0,,,0,0,CASH,5.7000000000000002,1,,0,0,6.7000000000000002
VTS,2009-01-22 19:09:00,2009-01-22 19:14:00,1,0.65000000000000002,-73.946718000000004,40.776527000000002,,,-73.955275,40.777307,CASH,4.9000000000000004,1,,0,0,5.9000000000000004
CMT,2009-01-18 16:25:54,2009-01-18 16:30:54,1,0.80000000000000004,-73.891045000000005,40.746901999999999,,,-73.906343000000007,40.745471000000002,Cash,4.9000000000000004,0,,0,0,4.9000000000000004
VTS,2009-01-22 23:50:00,2009-01-22 23:54:00,5,1.99,-73.972596999999993,40.762397999999997,,,-73.999808000000002,40.761712000000003,Credit,7.2999999999999998,0.5,,2,0,9.8000000000000007
VTS,2009-01-23 18:48:00,2009-01-23 18:51:00,1,0.76000000000000001,-73.992784999999998,40.743102999999998,,,-73.986377000000005,40.751897999999997,CASH,4.0999999999999996,1,,0,0,5.0999999999999996
VTS,2009-01-22 19:17:00,2009-01-22 19:25:00,5,1.1699999999999999,-73.963436999999999,40.778173000000002,,,-73.977464999999995,40.786194999999999,CASH,5.7000000000000002,1,,0,0,6.7000000000000002
VTS,2009-01-13 06:04:00,2009-01-13 06:09:00,5,0.82999999999999985,-73.978629999999995,40.736764999999998,,,-73.981547000000006,40.732852000000001,CASH,4.9000000000000004,0,,0,0,4.9000000000000004
VTS,2009-01-12 14:56:00,2009-01-12 15:05:00,2,1.74,-73.961515000000006,40.779626999999998,,,-73.968227999999996,40.760137,CASH,7.2999999999999998,0,,0,0,7.2999999999999998
VTS,2009-01-13 08:27:00,2009-01-13 08:35:00,1,1.6100000000000001,-73.982231999999996,40.735903,,,-73.979675,40.720146999999997,CASH,6.5,0,,0,0,6.5
DDS,2009-01-16 23:40:20,2009-01-17 00:12:55,2,7.5,-74.005346000000003,40.736620000000002,,,-73.979406999999995,40.789411999999999,CREDIT,22.100000000000001,0.5,,5.6500000000000004,0,28.25
VTS,2009-01-13 10:00:00,2009-01-13 10:16:00,1,2.9900000000000002,-73.954781999999994,40.780616999999999,,,-73.985562999999999,40.751421999999998,Credit,12.5,0,,2,0,14.5
VTS,2009-01-12 11:43:00,2009-01-12 11:52:00,2,1.47,-73.958721999999995,40.775142000000002,,,-73.980040000000002,40.783965000000002,CASH,6.9000000000000004,0,,0,0,6.9000000000000004
DDS,2009-01-02 01:57:01,2009-01-02 02:43:45,4,18.100000000000001,-74.005204000000006,40.751437000000003,,,-74.016006000000004,40.709803000000001,CASH,46.100000000000001,0.5,,0,0,46.600000000000001
VTS,2009-01-13 08:28:00,2009-01-13 08:40:00,2,2.29,-73.993273000000002,40.752510000000001,,,-73.983329999999995,40.778567000000002,CASH,8.9000000000000004,0,,0,0,8.9000000000000004
VTS,2009-01-12 19:10:00,2009-01-12 19:16:00,1,0.84999999999999998,-73.983142000000001,40.768777,,,-73.985006999999996,40.761040000000001,CASH,4.9000000000000004,1,,0,0,5.9000000000000004
CMT,2009-01-17 19:08:28,2009-01-17 19:13:21,2,1.3,-73.973832000000002,40.792102,,,-73.982247999999998,40.775700999999998,Cash,5.7000000000000002,0,,0,0,5.7000000000000002
VTS,2009-01-13 10:27:00,2009-01-13 10:50:00,2,3.6299999999999999,-74.009452999999993,40.715651999999999,,,-73.978409999999997,40.744959999999999,CASH,13.699999999999999,0,,0,0,13.699999999999999
VTS,2009-01-12 13:55:00,2009-01-12 14:01:00,1,3.4100000000000001,-73.987341999999998,40.761273000000003,,,-73.959002999999996,40.783340000000003,Credit,10.9,0,,3,0,13.9
VTS,2009-01-13 05:28:00,2009-01-13 05:45:00,1,11.49,-73.978821999999994,40.763987999999998,,,-73.864904999999993,40.770446999999997,Credit,26.100000000000001,0.5,,5.3200000000000003,4.1500000000000004,36.07
VTS,2009-01-12 22:43:00,2009-01-12 22:48:00,1,1.25,-73.964815000000002,40.791733000000001,,,-73.950159999999997,40.782232,CASH,5.7000000000000002,0.5,,0,0,6.2000000000000002
VTS,2009-01-13 08:00:00,2009-01-13 08:11:00,5,1.6299999999999999,-73.956035,40.76784,,,-73.972452000000004,40.756301999999998,CASH,7.7000000000000002,0,,0,0,7.7000000000000002
VTS,2009-01-13 08:57:00,2009-01-13 09:17:00,2,5.9199999999999999,-73.959587999999997,40.762771999999998,,,-74.009462999999997,40.707704999999997,Credit,17.300000000000001,0,,1.2,0,18.5
VTS,2009-01-12 16:00:00,2009-01-12 16:04:00,5,1.1000000000000001,-73.962536999999998,40.778191999999997,,,-73.972785000000002,40.764696999999998,CASH,5.2999999999999998,1,,0,0,6.2999999999999998
VTS,2009-01-13 14:43:00,2009-01-13 15:01:00,3,3.0699999999999998,-73.998260000000002,40.713498000000001,,,-73.981589999999997,40.751506999999997,CASH,12.1,0,,0,0,12.1
VTS,2009-01-10 23:40:00,2009-01-10 23:52:00,3,2.4399999999999999,-73.985894999999999,40.759632000000003,,,-74.008488,40.734740000000002,CASH,8.9000000000000004,0.5,,0,0,9.4000000000000004
VTS,2009-01-13 12:37:00,2009-01-13 12:41:00,5,0.69999999999999996,-73.957016999999993,40.817453,,,-73.963504999999998,40.808782000000001,CASH,4.0999999999999996,0,,0,0,4.0999999999999996
DDS,2009-01-18 01:43:31,2009-01-18 01:57:54,1,4,-73.956333999999998,40.771616999999999,,,-73.954700000000003,40.815404000000001,CREDIT,12.1,0.5,,2.5,0,15.1
VTS,2009-01-13 15:03:00,2009-01-13 15:11:00,1,1.6399999999999999,-73.988547999999994,40.764029999999998,,,-73.969380000000001,40.767062000000003,CASH,6.9000000000000004,0,,0,0,6.9000000000000004
CMT,2009-01-17 21:46:29,2009-01-17 21:56:02,1,1.1000000000000001,-74.002498000000003,40.739946000000003,,,-73.988788999999997,40.734817999999997,Cash,7,0,,0,0,7
VTS,2009-01-13 11:21:00,2009-01-13 11:38:00,1,6.1900000000000004,-73.995812000000001,40.709097,,,-73.960097000000005,40.776175000000002,Credit,17.699999999999999,0,,3.54,0,21.239999999999998
VTS,2009-01-13 16:06:00,2009-01-13 16:18:00,1,4.04,-73.993363000000002,40.736334999999997,,,-74.007835,40.704830000000001,CASH,11.300000000000001,1,,0,0,12.300000000000001
CMT,2009-01-17 14:50:52,2009-01-17 15:17:41,1,17.600000000000001,-73.980943999999994,40.721288000000001,,,-73.789265,40.647109,Credit,45,0,,5,0,50
VTS,2009-01-13 12:54:00,2009-01-13 13:00:00,1,2.0299999999999998,-73.981497000000005,40.780664999999999,,,-73.962232,40.804982000000003,CASH,6.9000000000000004,0,,0,0,6.9000000000000004
CMT,2009-01-17 17:43:00,2009-01-17 17:45:17,1,0.5,-73.994185000000002,40.741168000000002,,,-73.990341999999998,40.737302,Cash,3.7000000000000002,0,,0,0,3.7000000000000002
VTS,2009-01-13 15:44:00,2009-01-13 16:05:00,1,3.3300000000000001,-74.002493000000001,40.734082000000001,,,-73.982787000000002,40.702146999999997,CASH,12.1,0,,0,0,12.1
VTS,2009-01-11 21:43:00,2009-01-11 21:39:00,1,2.1699999999999999,-73.984814999999998,40.718927999999998,,,-73.983536999999998,40.742257000000002,Credit,7.7000000000000002,0.5,,2,0,10.199999999999999
VTS,2009-01-13 14:32:00,2009-01-13 14:34:00,1,0.94999999999999996,-73.997230000000002,40.747140000000002,,,-73.992616999999996,40.733808000000003,Credit,5.7000000000000002,0,,1.5,0,7.2000000000000002
VTS,2009-01-13 13:24:00,2009-01-13 13:27:00,1,0.53000000000000003,-73.956298000000004,40.780622000000001,,,-73.963187000000005,40.777706999999999,CASH,4.0999999999999996,0,,0,0,4.0999999999999996
CMT,2009-01-17 18:55:30,2009-01-17 19:09:50,1,4.9000000000000004,-74.008932000000001,40.7044,,,-73.982647999999998,40.742494999999998,Credit,14.1,0,,2.8199999999999998,0,16.920000000000002
VTS,2009-01-13 04:38:00,2009-01-13 05:05:00,4,20.09,-73.917602000000002,40.770710000000001,,,-74.073385000000002,40.607827,CASH,42.899999999999999,0.5,,0,8.3000000000000007,51.700000000000003
VTS,2009-01-12 16:41:00,2009-01-12 16:54:00,1,2.02,-73.982172000000006,40.773207999999997,,,-73.977282000000002,40.753774999999997,CASH,8.9000000000000004,1,,0,0,9.9000000000000004
VTS,2009-01-13 10:52:00,2009-01-13 11:01:00,1,1.46,-73.954466999999994,40.783527999999997,,,-73.952748,40.770567,CASH,6.9000000000000004,0,,0,0,6.9000000000000004
VTS,2009-01-13 06:25:00,2009-01-13 06:33:00,1,1.5800000000000001,-73.979938000000004,40.734838000000003,,,-73.992170000000002,40.749222000000003,CASH,6.5,0,,0,0,6.5
VTS,2009-01-13 13:29:00,2009-01-13 13:33:00,1,1.0800000000000001,-74.000735000000006,40.757758000000003,,,-73.985017999999997,40.757843000000001,Credit,5.7000000000000002,0,,3,0,8.6999999999999993
VTS,2009-01-13 13:13:00,2009-01-13 13:26:00,1,1.25,-73.979138000000006,40.749899999999997,,,-73.990875000000003,40.734405000000002,Credit,6.5,0,,1,0,7.5
CMT,2009-01-17 22:28:35,2009-01-17 22:35:17,1,2.1000000000000001,-74.009409000000005,40.723981999999999,,,-74.000619999999998,40.748638999999997,Credit,7.7999999999999998,0,,1.1699999999999999,0,8.9699999999999989
VTS,2009-01-13 00:12:00,2009-01-13 00:16:00,1,1.3600000000000001,-73.974356999999998,40.742668000000002,,,-73.989401999999998,40.734378,CASH,5.2999999999999998,0.5,,0,0,5.7999999999999998
VTS,2009-01-13 16:49:00,2009-01-13 19:00:00,1,2.7999999999999998,-73.969652999999994,40.763084999999997,,,-73.995050000000006,40.728904999999997,Credit,11.300000000000001,1,,2,0,14.300000000000001
VTS,2009-01-13 17:11:00,2009-01-13 17:14:00,2,0.48999999999999999,-74.009978000000004,40.720868000000003,,,-74.011747999999997,40.713650000000001,CASH,4.0999999999999996,1,,0,0,5.0999999999999996
CMT,2009-01-17 23:00:51,2009-01-17 23:11:36,1,1.5,-73.984386999999998,40.762019000000002,,,-73.991298,40.750110999999997,Cash,7.7999999999999998,0,,0,0,7.7999999999999998
VTS,2009-01-13 08:30:00,2009-01-13 08:43:00,1,2.2000000000000002,-74.00591,40.735714999999999,,,-73.979510000000005,40.746147999999998,CASH,9.3000000000000007,0,,0,0,9.3000000000000007
VTS,2009-01-12 14:24:00,2009-01-12 15:00:00,1,18.399999999999999,-73.791471999999999,40.645471999999998,,,-74.004990000000006,40.718288000000001,CASH,45,0,,0,0,45
VTS,2009-01-13 20:12:00,2009-01-13 20:24:00,1,2.9399999999999999,-74.000163000000001,40.732796999999998,,,-74.015020000000007,40.709848000000001,CASH,10.1,0.5,,0,0,10.6
VTS,2009-01-13 16:25:00,2009-01-13 16:30:00,1,0.89000000000000001,-73.989022000000006,40.731476999999998,,,-73.992076999999995,40.728943000000001,CASH,4.9000000000000004,1,,0,0,5.9000000000000004
VTS,2009-01-12 20:24:00,2009-01-12 20:29:00,1,1.21,-73.955568,40.764322,,,-73.947607000000005,40.778592000000003,CASH,5.2999999999999998,0.5,,0,0,5.7999999999999998
VTS,2009-01-13 09:04:00,2009-01-13 09:41:00,1,7.9199999999999999,-74.005071999999998,40.719164999999997,,,-73.937860000000001,40.801206999999998,Credit,25.699999999999999,0,,0,0,25.699999999999999
VTS,2009-01-13 17:20:00,2009-01-13 17:32:00,2,1.79,-73.972386999999998,40.758606999999998,,,-73.955538000000004,40.776544999999999,CASH,8.5,1,,0,0,9.5
CMT,2009-01-17 23:07:46,2009-01-17 23:14:02,1,1.5,-73.968611999999993,40.791440000000001,,,-73.981087000000002,40.776515000000003,Cash,6.5999999999999996,0,,0,0,6.5999999999999996
VTS,2009-01-13 18:56:00,2009-01-13 19:02:00,1,1.26,-73.990137000000004,40.749743000000002,,,-74.006663000000003,40.748683,CASH,5.7000000000000002,1,,0,0,6.7000000000000002
VTS,2009-01-13 20:26:00,2009-01-13 20:24:00,1,1,-73.975341999999998,40.754711999999998,,,-73.963471999999996,40.758071999999999,Credit,5.7000000000000002,0.5,,0.75,0,6.9500000000000002
VTS,2009-01-13 18:34:00,2009-01-13 18:49:00,1,3.4100000000000001,-73.986980000000003,40.750658000000001,,,-73.951314999999994,40.781010000000002,Credit,12.9,1,,3,0,16.899999999999999
VTS,2009-01-13 18:16:00,2009-01-13 18:22:00,1,0.55000000000000004,-73.975830000000002,40.748817000000003,,,-73.974997000000002,40.755282000000001,CASH,5.7000000000000002,1,,0,0,6.7000000000000002
VTS,2009-01-13 21:40:00,2009-01-13 21:47:00,5,2.2999999999999998,-74.003174999999999,40.725121999999999,,,-73.984949999999998,40.745486999999997,Credit,8.5,0.5,,2,0,11
CMT,2009-01-17 23:25:17,2009-01-17 23:31:39,1,1.3999999999999999,-73.992845000000003,40.758360000000003,,,-73.981064000000003,40.744554000000001,Credit,6.5999999999999996,0,,1,0,7.5999999999999996
VTS,2009-01-13 21:59:00,2009-01-13 22:00:00,1,1.71,-73.984774999999999,40.764921999999999,,,-73.981390000000005,40.747140000000002,Credit,6.9000000000000004,0.5,,3,0,10.4
CMT,2009-01-18 00:09:15,2009-01-18 00:18:11,2,2.8999999999999999,-73.982495,40.739516000000002,,,-73.955876000000004,40.776935000000002,Credit,9.4000000000000004,0,,1.8799999999999999,0,11.279999999999999
CMT,2009-01-17 19:34:18,2009-01-17 19:47:10,1,4.0999999999999996,-73.948091000000005,40.774873999999997,,,-73.987607999999994,40.735768999999998,Cash,12.1,0,,0,0,12.1
VTS,2009-01-12 23:43:00,2009-01-13 00:05:00,1,10.75,-73.982668000000004,40.775038000000002,,,-73.903053,40.885593,CASH,25.699999999999999,0.5,,0,1.8999999999999999,28.100000000000001
CMT,2009-01-18 02:45:18,2009-01-18 02:51:22,1,0.59999999999999998,-73.988153999999994,40.748123999999997,,,-73.983189999999993,40.741796000000001,Credit,5.7999999999999998,0,,1.1599999999999999,0,6.96
VTS,2009-01-13 19:42:00,2009-01-13 19:55:00,1,1.8700000000000001,-73.965007,40.791223000000002,,,-73.948684999999998,40.776693000000002,Credit,7.2999999999999998,1,,2,0,10.300000000000001
